,close,datetime,high,low,open,volume,tradeindictor
0,3812.0,2019-06-20 09:04:00,3817.0,3806.0,3813.0,115570.0,0.0
1,3815.0,2019-06-20 09:09:00,3818.0,3808.0,3816.0,68922.0,0.0
2,3808.0,2019-06-20 09:14:00,3816.0,3806.0,3806.0,55858.0,0.0
3,3809.0,2019-06-20 09:19:00,3812.0,3807.0,3807.0,32180.0,0.0
4,3808.0,2019-06-20 09:24:00,3812.0,3807.0,3810.0,26936.0,0.0
5,3805.0,2019-06-20 09:29:00,3810.0,3802.0,3805.0,58300.0,0.0
6,3806.0,2019-06-20 09:34:00,3811.0,3804.0,3808.0,40006.0,0.0
7,3805.0,2019-06-20 09:39:00,3807.0,3801.0,3803.0,41830.0,0.0
8,3805.0,2019-06-20 09:44:00,3806.0,3801.0,3802.0,23208.0,0.0
9,3803.0,2019-06-20 09:49:00,3807.0,3802.0,3803.0,22442.0,0.0
10,3807.0,2019-06-20 09:54:00,3810.0,3803.0,3806.0,22224.0,0.0
11,3808.0,2019-06-20 09:59:00,3810.0,3805.0,3808.0,17144.0,0.0
12,3806.0,2019-06-20 10:04:00,3810.0,3804.0,3806.0,23822.0,0.0
13,3800.0,2019-06-20 10:09:00,3807.0,3800.0,3804.0,32278.0,0.0
14,3793.0,2019-06-20 10:14:00,3803.0,3793.0,3795.0,71990.0,0.0
15,3799.0,2019-06-20 10:34:00,3800.0,3790.0,3796.0,70868.0,0.0
16,3801.0,2019-06-20 10:39:00,3805.0,3798.0,3801.0,51954.0,-1.0
17,3799.0,2019-06-20 10:44:00,3804.0,3799.0,3800.0,20954.0,0.0
18,3799.0,2019-06-20 10:49:00,3804.0,3795.0,3796.0,25404.0,0.0
19,3795.0,2019-06-20 10:54:00,3801.0,3795.0,3796.0,17184.0,0.0
20,3792.0,2019-06-20 10:59:00,3796.0,3789.0,3790.0,51554.0,1.0
21,3795.0,2019-06-20 11:04:00,3796.0,3790.0,3795.0,24470.0,0.0
22,3799.0,2019-06-20 11:09:00,3799.0,3794.0,3798.0,19442.0,0.0
23,3798.0,2019-06-20 11:14:00,3803.0,3797.0,3798.0,30708.0,0.0
24,3799.0,2019-06-20 11:19:00,3805.0,3798.0,3800.0,30414.0,0.0
25,3802.0,2019-06-20 11:24:00,3802.0,3798.0,3799.0,14092.0,0.0
26,3799.0,2019-06-20 11:29:00,3804.0,3798.0,3800.0,18358.0,0.0
27,3811.0,2019-06-20 13:34:00,3811.0,3798.0,3806.0,87796.0,0.0
28,3807.0,2019-06-20 13:39:00,3813.0,3807.0,3808.0,64314.0,0.0
29,3806.0,2019-06-20 13:44:00,3811.0,3806.0,3807.0,30776.0,0.0
30,3814.0,2019-06-20 13:49:00,3814.0,3806.0,3813.0,53892.0,0.0
31,3811.0,2019-06-20 13:54:00,3816.0,3809.0,3811.0,41378.0,0.0
32,3810.0,2019-06-20 13:59:00,3815.0,3810.0,3811.0,32260.0,0.0
33,3807.0,2019-06-20 14:04:00,3814.0,3805.0,3806.0,46720.0,1.0
34,3808.0,2019-06-20 14:09:00,3809.0,3805.0,3808.0,20394.0,1.0
35,3810.0,2019-06-20 14:14:00,3810.0,3807.0,3809.0,11288.0,1.0
36,3815.0,2019-06-20 14:19:00,3815.0,3809.0,3812.0,38778.0,1.0
37,3815.0,2019-06-20 14:24:00,3816.0,3813.0,3813.0,32182.0,0.0
38,3821.0,2019-06-20 14:29:00,3821.0,3813.0,3820.0,83908.0,0.0
39,3821.0,2019-06-20 14:34:00,3825.0,3815.0,3824.0,88960.0,0.0
40,3828.0,2019-06-20 14:39:00,3831.0,3822.0,3829.0,99180.0,0.0
41,3834.0,2019-06-20 14:44:00,3835.0,3824.0,3829.0,82552.0,-1.0
42,3827.0,2019-06-20 14:49:00,3835.0,3826.0,3829.0,65876.0,-1.0
43,3823.0,2019-06-20 14:54:00,3831.0,3822.0,3825.0,69226.0,-1.0
44,3825.0,2019-06-20 14:59:00,3834.0,3822.0,3833.0,114226.0,-1.0
45,3814.0,2019-06-20 21:04:00,3825.0,3810.0,3810.0,153028.0,0.0
46,3815.0,2019-06-20 21:09:00,3817.0,3809.0,3816.0,70236.0,0.0
47,3805.0,2019-06-20 21:14:00,3815.0,3804.0,3806.0,106390.0,0.0
48,3803.0,2019-06-20 21:19:00,3806.0,3796.0,3798.0,131264.0,0.0
49,3805.0,2019-06-20 21:24:00,3808.0,3801.0,3806.0,61414.0,0.0
50,3807.0,2019-06-20 21:29:00,3808.0,3804.0,3808.0,28862.0,0.0
51,3804.0,2019-06-20 21:34:00,3808.0,3803.0,3805.0,26470.0,0.0
52,3809.0,2019-06-20 21:39:00,3810.0,3804.0,3809.0,31788.0,0.0
53,3809.0,2019-06-20 21:44:00,3812.0,3808.0,3810.0,36180.0,0.0
54,3814.0,2019-06-20 21:49:00,3814.0,3808.0,3813.0,27692.0,0.0
55,3812.0,2019-06-20 21:54:00,3815.0,3810.0,3810.0,32174.0,0.0
56,3808.0,2019-06-20 21:59:00,3814.0,3808.0,3808.0,25382.0,0.0
57,3812.0,2019-06-20 22:04:00,3813.0,3808.0,3811.0,13336.0,-1.0
58,3812.0,2019-06-20 22:09:00,3814.0,3809.0,3812.0,17136.0,0.0
59,3809.0,2019-06-20 22:14:00,3813.0,3808.0,3809.0,12592.0,0.0
60,3810.0,2019-06-20 22:19:00,3812.0,3808.0,3809.0,10218.0,0.0
61,3805.0,2019-06-20 22:24:00,3810.0,3804.0,3806.0,32550.0,0.0
62,3806.0,2019-06-20 22:29:00,3806.0,3801.0,3804.0,46056.0,0.0
63,3806.0,2019-06-20 22:34:00,3807.0,3802.0,3805.0,23892.0,0.0
64,3808.0,2019-06-20 22:39:00,3810.0,3799.0,3804.0,61412.0,0.0
65,3806.0,2019-06-20 22:44:00,3810.0,3805.0,3806.0,21390.0,0.0
66,3806.0,2019-06-20 22:49:00,3809.0,3805.0,3807.0,14858.0,0.0
67,3808.0,2019-06-20 22:54:00,3810.0,3805.0,3810.0,17358.0,-1.0
68,3810.0,2019-06-20 22:59:00,3811.0,3807.0,3809.0,37290.0,0.0
69,3805.0,2019-06-21 09:04:00,3812.0,3804.0,3805.0,43102.0,0.0
70,3806.0,2019-06-21 09:09:00,3809.0,3804.0,3807.0,22904.0,0.0
71,3804.0,2019-06-21 09:14:00,3807.0,3801.0,3803.0,35254.0,0.0
72,3800.0,2019-06-21 09:19:00,3805.0,3800.0,3802.0,24842.0,0.0
73,3804.0,2019-06-21 09:24:00,3805.0,3799.0,3804.0,37476.0,0.0
74,3800.0,2019-06-21 09:29:00,3808.0,3799.0,3803.0,31172.0,0.0
75,3805.0,2019-06-21 09:34:00,3805.0,3795.0,3804.0,70624.0,0.0
76,3802.0,2019-06-21 09:39:00,3805.0,3801.0,3802.0,16134.0,0.0
77,3805.0,2019-06-21 09:44:00,3808.0,3802.0,3804.0,30506.0,0.0
78,3806.0,2019-06-21 09:49:00,3806.0,3802.0,3806.0,12596.0,0.0
79,3806.0,2019-06-21 09:54:00,3808.0,3805.0,3806.0,12492.0,0.0
80,3803.0,2019-06-21 09:59:00,3806.0,3802.0,3803.0,8592.0,0.0
81,3809.0,2019-06-21 10:04:00,3812.0,3802.0,3811.0,55592.0,-1.0
82,3805.0,2019-06-21 10:09:00,3811.0,3804.0,3806.0,18936.0,0.0
83,3804.0,2019-06-21 10:14:00,3807.0,3802.0,3805.0,15160.0,0.0
84,3802.0,2019-06-21 10:34:00,3806.0,3801.0,3804.0,26618.0,1.0
85,3802.0,2019-06-21 10:39:00,3809.0,3801.0,3802.0,40088.0,1.0
86,3802.0,2019-06-21 10:44:00,3805.0,3800.0,3803.0,24296.0,1.0
87,3805.0,2019-06-21 10:49:00,3806.0,3801.0,3804.0,21932.0,0.0
88,3807.0,2019-06-21 10:54:00,3807.0,3804.0,3805.0,15136.0,0.0
89,3811.0,2019-06-21 10:59:00,3812.0,3806.0,3810.0,45906.0,0.0
90,3817.0,2019-06-21 11:04:00,3819.0,3810.0,3816.0,90694.0,0.0
91,3819.0,2019-06-21 11:09:00,3822.0,3816.0,3819.0,59058.0,0.0
92,3814.0,2019-06-21 11:14:00,3820.0,3811.0,3814.0,57936.0,0.0
93,3815.0,2019-06-21 11:19:00,3816.0,3811.0,3815.0,26570.0,0.0
94,3820.0,2019-06-21 11:24:00,3821.0,3812.0,3817.0,28200.0,0.0
95,3823.0,2019-06-21 11:29:00,3830.0,3820.0,3826.0,146448.0,0.0
96,3818.0,2019-06-21 13:34:00,3824.0,3815.0,3819.0,72170.0,0.0
97,3827.0,2019-06-21 13:39:00,3830.0,3818.0,3826.0,85920.0,0.0
98,3802.0,2019-06-21 13:44:00,3829.0,3797.0,3800.0,232818.0,0.0
99,3803.0,2019-06-21 13:49:00,3807.0,3800.0,3804.0,100414.0,0.0
100,3813.0,2019-06-21 13:54:00,3815.0,3803.0,3813.0,89178.0,0.0
101,3811.0,2019-06-21 13:59:00,3815.0,3808.0,3808.0,38792.0,0.0
102,3818.0,2019-06-21 14:04:00,3818.0,3811.0,3813.0,43874.0,0.0
103,3814.0,2019-06-21 14:09:00,3824.0,3814.0,3820.0,91846.0,0.0
104,3819.0,2019-06-21 14:14:00,3822.0,3813.0,3818.0,34188.0,0.0
105,3819.0,2019-06-21 14:19:00,3822.0,3816.0,3820.0,34680.0,0.0
106,3817.0,2019-06-21 14:24:00,3821.0,3816.0,3817.0,24188.0,0.0
107,3822.0,2019-06-21 14:29:00,3824.0,3816.0,3822.0,34360.0,0.0
108,3828.0,2019-06-21 14:34:00,3829.0,3820.0,3827.0,64464.0,0.0
109,3823.0,2019-06-21 14:39:00,3830.0,3822.0,3828.0,54732.0,1.0
110,3825.0,2019-06-21 14:44:00,3827.0,3822.0,3824.0,28774.0,0.0
111,3831.0,2019-06-21 14:49:00,3832.0,3824.0,3829.0,65596.0,0.0
112,3844.0,2019-06-21 14:54:00,3846.0,3828.0,3836.0,162392.0,0.0
113,3859.0,2019-06-21 14:59:00,3860.0,3843.0,3857.0,269076.0,0.0
114,3847.0,2019-06-21 21:04:00,3857.0,3844.0,3849.0,230506.0,0.0
115,3845.0,2019-06-21 21:09:00,3848.0,3836.0,3844.0,131352.0,0.0
116,3839.0,2019-06-21 21:14:00,3844.0,3837.0,3839.0,58140.0,1.0
117,3844.0,2019-06-21 21:19:00,3846.0,3838.0,3845.0,43914.0,0.0
118,3845.0,2019-06-21 21:24:00,3848.0,3843.0,3846.0,32094.0,0.0
119,3854.0,2019-06-21 21:29:00,3857.0,3845.0,3852.0,77228.0,0.0
120,3858.0,2019-06-21 21:34:00,3866.0,3854.0,3860.0,111860.0,0.0
121,3854.0,2019-06-21 21:39:00,3862.0,3848.0,3852.0,83200.0,0.0
122,3853.0,2019-06-21 21:44:00,3855.0,3850.0,3853.0,28698.0,1.0
123,3852.0,2019-06-21 21:49:00,3856.0,3851.0,3854.0,23604.0,0.0
124,3858.0,2019-06-21 21:54:00,3859.0,3851.0,3857.0,43562.0,0.0
125,3858.0,2019-06-21 21:59:00,3860.0,3855.0,3856.0,38752.0,0.0
126,3860.0,2019-06-21 22:04:00,3864.0,3857.0,3858.0,55422.0,0.0
127,3861.0,2019-06-21 22:09:00,3862.0,3857.0,3859.0,25978.0,0.0
128,3860.0,2019-06-21 22:14:00,3861.0,3855.0,3859.0,30596.0,0.0
129,3859.0,2019-06-21 22:19:00,3860.0,3857.0,3858.0,11942.0,0.0
130,3870.0,2019-06-21 22:24:00,3872.0,3859.0,3868.0,97772.0,0.0
131,3875.0,2019-06-21 22:29:00,3876.0,3868.0,3872.0,77166.0,0.0
132,3869.0,2019-06-21 22:34:00,3877.0,3867.0,3871.0,65738.0,0.0
133,3870.0,2019-06-21 22:39:00,3873.0,3866.0,3871.0,39504.0,0.0
134,3869.0,2019-06-21 22:44:00,3876.0,3866.0,3867.0,53968.0,0.0
135,3863.0,2019-06-21 22:49:00,3872.0,3858.0,3863.0,86388.0,0.0
136,3867.0,2019-06-21 22:54:00,3869.0,3860.0,3866.0,37860.0,0.0
137,3875.0,2019-06-21 22:59:00,3877.0,3866.0,3874.0,83020.0,0.0
138,3939.0,2019-06-24 09:04:00,3947.0,3921.0,3938.0,609814.0,0.0
139,3925.0,2019-06-24 09:09:00,3939.0,3923.0,3930.0,206200.0,0.0
140,3925.0,2019-06-24 09:14:00,3933.0,3923.0,3927.0,122696.0,0.0
141,3935.0,2019-06-24 09:19:00,3936.0,3924.0,3933.0,96570.0,0.0
142,3929.0,2019-06-24 09:24:00,3936.0,3928.0,3929.0,53494.0,0.0
143,3933.0,2019-06-24 09:29:00,3935.0,3927.0,3931.0,62138.0,0.0
144,3942.0,2019-06-24 09:34:00,3942.0,3932.0,3939.0,85052.0,0.0
145,3965.0,2019-06-24 09:39:00,3966.0,3941.0,3964.0,240244.0,0.0
146,3949.0,2019-06-24 09:44:00,3965.0,3948.0,3952.0,131976.0,0.0
147,3952.0,2019-06-24 09:49:00,3955.0,3949.0,3954.0,56924.0,0.0
148,3943.0,2019-06-24 09:54:00,3954.0,3941.0,3946.0,63320.0,0.0
149,3951.0,2019-06-24 09:59:00,3952.0,3943.0,3951.0,57318.0,-1.0
150,3950.0,2019-06-24 10:04:00,3953.0,3948.0,3951.0,28198.0,-1.0
151,3944.0,2019-06-24 10:09:00,3954.0,3943.0,3946.0,42808.0,0.0
152,3949.0,2019-06-24 10:14:00,3949.0,3940.0,3946.0,46296.0,-1.0
153,3939.0,2019-06-24 10:34:00,3949.0,3937.0,3944.0,43854.0,-1.0
154,3935.0,2019-06-24 10:39:00,3943.0,3935.0,3938.0,48996.0,0.0
155,3930.0,2019-06-24 10:44:00,3937.0,3928.0,3933.0,74602.0,0.0
156,3933.0,2019-06-24 10:49:00,3935.0,3927.0,3932.0,51342.0,0.0
157,3930.0,2019-06-24 10:54:00,3935.0,3927.0,3929.0,37656.0,0.0
158,3926.0,2019-06-24 10:59:00,3931.0,3925.0,3929.0,42190.0,0.0
159,3934.0,2019-06-24 11:04:00,3935.0,3924.0,3930.0,73514.0,0.0
160,3936.0,2019-06-24 11:09:00,3937.0,3931.0,3934.0,32214.0,0.0
161,3931.0,2019-06-24 11:14:00,3937.0,3930.0,3932.0,21270.0,0.0
162,3933.0,2019-06-24 11:19:00,3934.0,3926.0,3932.0,33066.0,0.0
163,3929.0,2019-06-24 11:24:00,3934.0,3929.0,3932.0,15706.0,0.0
164,3929.0,2019-06-24 11:29:00,3932.0,3925.0,3930.0,43730.0,0.0
165,3933.0,2019-06-24 13:34:00,3937.0,3928.0,3935.0,46398.0,0.0
166,3934.0,2019-06-24 13:39:00,3937.0,3932.0,3932.0,21064.0,0.0
167,3931.0,2019-06-24 13:44:00,3934.0,3929.0,3932.0,29940.0,0.0
168,3931.0,2019-06-24 13:49:00,3932.0,3929.0,3930.0,18250.0,0.0
169,3931.0,2019-06-24 13:54:00,3934.0,3930.0,3933.0,15870.0,0.0
170,3934.0,2019-06-24 13:59:00,3935.0,3930.0,3932.0,18338.0,0.0
171,3921.0,2019-06-24 14:04:00,3935.0,3917.0,3923.0,98166.0,0.0
172,3931.0,2019-06-24 14:09:00,3932.0,3920.0,3929.0,45682.0,0.0
173,3928.0,2019-06-24 14:14:00,3932.0,3924.0,3926.0,38736.0,0.0
174,3925.0,2019-06-24 14:19:00,3930.0,3923.0,3928.0,24172.0,0.0
175,3928.0,2019-06-24 14:24:00,3932.0,3924.0,3929.0,29458.0,0.0
176,3928.0,2019-06-24 14:29:00,3931.0,3926.0,3927.0,19122.0,0.0
177,3929.0,2019-06-24 14:34:00,3933.0,3926.0,3930.0,30788.0,-1.0
178,3930.0,2019-06-24 14:39:00,3930.0,3926.0,3929.0,16232.0,0.0
179,3925.0,2019-06-24 14:44:00,3931.0,3925.0,3926.0,26532.0,0.0
180,3912.0,2019-06-24 14:49:00,3927.0,3904.0,3914.0,191298.0,0.0
181,3911.0,2019-06-24 14:54:00,3918.0,3908.0,3909.0,70660.0,1.0
182,3904.0,2019-06-24 14:59:00,3909.0,3900.0,3908.0,129590.0,1.0
183,3924.0,2019-06-24 21:04:00,3927.0,3915.0,3921.0,144396.0,0.0
184,3935.0,2019-06-24 21:09:00,3935.0,3924.0,3932.0,105362.0,1.0
185,3938.0,2019-06-24 21:14:00,3941.0,3932.0,3937.0,96426.0,0.0
186,3938.0,2019-06-24 21:19:00,3940.0,3935.0,3938.0,59564.0,0.0
187,3942.0,2019-06-24 21:24:00,3942.0,3933.0,3940.0,78274.0,0.0
188,3941.0,2019-06-24 21:29:00,3946.0,3940.0,3944.0,75928.0,0.0
189,3942.0,2019-06-24 21:34:00,3943.0,3937.0,3941.0,47974.0,0.0
190,3940.0,2019-06-24 21:39:00,3943.0,3937.0,3939.0,27286.0,1.0
191,3937.0,2019-06-24 21:44:00,3940.0,3934.0,3936.0,41350.0,1.0
192,3943.0,2019-06-24 21:49:00,3945.0,3937.0,3942.0,46858.0,1.0
193,3946.0,2019-06-24 21:54:00,3947.0,3943.0,3946.0,55528.0,1.0
194,3946.0,2019-06-24 21:59:00,3947.0,3942.0,3946.0,37774.0,1.0
195,3955.0,2019-06-24 22:04:00,3959.0,3946.0,3955.0,152546.0,1.0
196,3953.0,2019-06-24 22:09:00,3959.0,3951.0,3954.0,65868.0,1.0
197,3965.0,2019-06-24 22:14:00,3966.0,3953.0,3961.0,99694.0,0.0
198,3973.0,2019-06-24 22:19:00,3975.0,3959.0,3970.0,137028.0,0.0
199,3968.0,2019-06-24 22:24:00,3974.0,3968.0,3970.0,75734.0,0.0
200,3981.0,2019-06-24 22:29:00,3983.0,3968.0,3981.0,141118.0,0.0
201,3978.0,2019-06-24 22:34:00,3981.0,3972.0,3975.0,68766.0,0.0
202,3980.0,2019-06-24 22:39:00,3985.0,3978.0,3983.0,89914.0,0.0
203,3978.0,2019-06-24 22:44:00,3983.0,3974.0,3979.0,69548.0,0.0
204,3983.0,2019-06-24 22:49:00,3984.0,3976.0,3984.0,70578.0,-1.0
205,3981.0,2019-06-24 22:54:00,3988.0,3973.0,3979.0,107316.0,0.0
206,3978.0,2019-06-24 22:59:00,3983.0,3974.0,3979.0,75894.0,0.0
207,3978.0,2019-06-25 09:04:00,3984.0,3976.0,3979.0,85382.0,0.0
208,3968.0,2019-06-25 09:09:00,3979.0,3968.0,3973.0,73712.0,0.0
209,3970.0,2019-06-25 09:14:00,3972.0,3965.0,3970.0,63830.0,0.0
210,3971.0,2019-06-25 09:19:00,3974.0,3966.0,3973.0,41824.0,0.0
211,3969.0,2019-06-25 09:24:00,3973.0,3968.0,3969.0,20698.0,0.0
212,3971.0,2019-06-25 09:29:00,3973.0,3969.0,3970.0,29018.0,0.0
213,3962.0,2019-06-25 09:34:00,3972.0,3961.0,3963.0,67314.0,0.0
214,3965.0,2019-06-25 09:39:00,3968.0,3962.0,3962.0,43084.0,0.0
215,3963.0,2019-06-25 09:44:00,3966.0,3961.0,3963.0,33116.0,0.0
216,3959.0,2019-06-25 09:49:00,3964.0,3955.0,3961.0,71856.0,0.0
217,3965.0,2019-06-25 09:54:00,3966.0,3958.0,3964.0,30910.0,0.0
218,3962.0,2019-06-25 09:59:00,3966.0,3961.0,3963.0,22780.0,0.0
219,3963.0,2019-06-25 10:04:00,3964.0,3958.0,3961.0,31054.0,0.0
220,3968.0,2019-06-25 10:09:00,3969.0,3962.0,3969.0,33194.0,0.0
221,3973.0,2019-06-25 10:14:00,3977.0,3966.0,3976.0,62890.0,0.0
222,3969.0,2019-06-25 10:34:00,3975.0,3968.0,3970.0,40788.0,0.0
223,3970.0,2019-06-25 10:39:00,3972.0,3966.0,3966.0,29330.0,0.0
224,3970.0,2019-06-25 10:44:00,3971.0,3968.0,3970.0,18454.0,0.0
225,3971.0,2019-06-25 10:49:00,3972.0,3967.0,3969.0,23978.0,0.0
226,3971.0,2019-06-25 10:54:00,3972.0,3969.0,3970.0,20206.0,0.0
227,3969.0,2019-06-25 10:59:00,3972.0,3965.0,3968.0,27378.0,0.0
228,3976.0,2019-06-25 11:04:00,3977.0,3966.0,3973.0,51390.0,-1.0
229,3975.0,2019-06-25 11:09:00,3980.0,3974.0,3980.0,51670.0,-1.0
230,3973.0,2019-06-25 11:14:00,3980.0,3971.0,3973.0,37328.0,-1.0
231,3964.0,2019-06-25 11:19:00,3974.0,3962.0,3965.0,54184.0,-1.0
232,3965.0,2019-06-25 11:24:00,3967.0,3954.0,3963.0,101962.0,0.0
233,3961.0,2019-06-25 11:29:00,3968.0,3961.0,3961.0,45700.0,0.0
234,3961.0,2019-06-25 13:34:00,3966.0,3954.0,3956.0,83610.0,0.0
235,3952.0,2019-06-25 13:39:00,3964.0,3950.0,3953.0,86148.0,1.0
236,3954.0,2019-06-25 13:44:00,3959.0,3951.0,3952.0,56210.0,1.0
237,3959.0,2019-06-25 13:49:00,3961.0,3952.0,3958.0,45228.0,1.0
238,3958.0,2019-06-25 13:54:00,3962.0,3957.0,3960.0,31546.0,1.0
239,3963.0,2019-06-25 13:59:00,3966.0,3958.0,3965.0,44490.0,0.0
240,3965.0,2019-06-25 14:04:00,3966.0,3963.0,3963.0,33322.0,0.0
241,3968.0,2019-06-25 14:09:00,3971.0,3965.0,3970.0,66220.0,0.0
242,3967.0,2019-06-25 14:14:00,3969.0,3965.0,3966.0,22328.0,0.0
243,3979.0,2019-06-25 14:19:00,3979.0,3968.0,3974.0,95638.0,0.0
244,3972.0,2019-06-25 14:24:00,3979.0,3972.0,3975.0,52132.0,0.0
245,3970.0,2019-06-25 14:29:00,3973.0,3964.0,3969.0,51956.0,0.0
246,3976.0,2019-06-25 14:34:00,3976.0,3968.0,3972.0,31980.0,0.0
247,3966.0,2019-06-25 14:39:00,3976.0,3965.0,3966.0,52698.0,1.0
248,3983.0,2019-06-25 14:44:00,3987.0,3963.0,3980.0,136552.0,0.0
249,3982.0,2019-06-25 14:49:00,3985.0,3978.0,3980.0,72122.0,0.0
250,3991.0,2019-06-25 14:54:00,3993.0,3981.0,3990.0,146690.0,0.0
251,3994.0,2019-06-25 14:59:00,3999.0,3989.0,3995.0,219914.0,0.0
252,4002.0,2019-06-25 21:04:00,4011.0,3995.0,4005.0,254502.0,0.0
253,3991.0,2019-06-25 21:09:00,4006.0,3988.0,3992.0,164006.0,0.0
254,3995.0,2019-06-25 21:14:00,3997.0,3990.0,3993.0,77542.0,0.0
255,4002.0,2019-06-25 21:19:00,4003.0,3995.0,3999.0,65124.0,0.0
256,3994.0,2019-06-25 21:24:00,4004.0,3994.0,3996.0,53458.0,0.0
257,4000.0,2019-06-25 21:29:00,4001.0,3993.0,3999.0,61052.0,0.0
258,3999.0,2019-06-25 21:34:00,4001.0,3996.0,3997.0,50276.0,0.0
259,3995.0,2019-06-25 21:39:00,4001.0,3994.0,3995.0,36442.0,0.0
260,3997.0,2019-06-25 21:44:00,3997.0,3992.0,3995.0,33220.0,-1.0
261,3998.0,2019-06-25 21:49:00,4000.0,3995.0,3998.0,41884.0,-1.0
262,3989.0,2019-06-25 21:54:00,4002.0,3989.0,3992.0,65408.0,0.0
263,3991.0,2019-06-25 21:59:00,3993.0,3989.0,3992.0,32394.0,0.0
264,3988.0,2019-06-25 22:04:00,3993.0,3986.0,3987.0,57286.0,0.0
265,3978.0,2019-06-25 22:09:00,3989.0,3976.0,3980.0,122262.0,0.0
266,3980.0,2019-06-25 22:14:00,3984.0,3975.0,3978.0,73714.0,0.0
267,3984.0,2019-06-25 22:19:00,3984.0,3975.0,3979.0,50232.0,-1.0
268,3981.0,2019-06-25 22:24:00,3984.0,3978.0,3981.0,29696.0,0.0
269,3977.0,2019-06-25 22:29:00,3981.0,3976.0,3978.0,24730.0,0.0
270,3979.0,2019-06-25 22:34:00,3980.0,3976.0,3977.0,24748.0,0.0
271,3971.0,2019-06-25 22:39:00,3980.0,3969.0,3969.0,91938.0,0.0
272,3969.0,2019-06-25 22:44:00,3972.0,3968.0,3970.0,53718.0,0.0
273,3972.0,2019-06-25 22:49:00,3976.0,3968.0,3976.0,63290.0,0.0
274,3978.0,2019-06-25 22:54:00,3980.0,3972.0,3978.0,33180.0,0.0
275,3978.0,2019-06-25 22:59:00,3980.0,3970.0,3974.0,67616.0,0.0
276,3967.0,2019-06-26 09:04:00,3979.0,3966.0,3967.0,87436.0,0.0
277,3969.0,2019-06-26 09:09:00,3974.0,3967.0,3973.0,28530.0,0.0
278,3972.0,2019-06-26 09:14:00,3973.0,3966.0,3968.0,28826.0,0.0
279,3971.0,2019-06-26 09:19:00,3975.0,3970.0,3971.0,31832.0,0.0
280,3974.0,2019-06-26 09:24:00,3975.0,3971.0,3975.0,15890.0,0.0
281,3972.0,2019-06-26 09:29:00,3974.0,3969.0,3971.0,20986.0,0.0
282,3979.0,2019-06-26 09:34:00,3980.0,3972.0,3979.0,45008.0,0.0
283,3977.0,2019-06-26 09:39:00,3983.0,3976.0,3978.0,41704.0,0.0
284,3975.0,2019-06-26 09:44:00,3979.0,3974.0,3975.0,22194.0,0.0
285,3979.0,2019-06-26 09:49:00,3980.0,3973.0,3979.0,16674.0,0.0
286,3982.0,2019-06-26 09:54:00,3982.0,3976.0,3977.0,42956.0,0.0
287,3977.0,2019-06-26 09:59:00,3983.0,3976.0,3980.0,28740.0,0.0
288,3985.0,2019-06-26 10:04:00,3985.0,3977.0,3983.0,46172.0,0.0
289,3991.0,2019-06-26 10:09:00,3992.0,3983.0,3989.0,66910.0,-1.0
290,3985.0,2019-06-26 10:14:00,3992.0,3982.0,3985.0,43090.0,-1.0
291,3985.0,2019-06-26 10:34:00,3987.0,3981.0,3986.0,21254.0,0.0
292,3985.0,2019-06-26 10:39:00,3988.0,3983.0,3986.0,15502.0,0.0
293,3981.0,2019-06-26 10:44:00,3987.0,3979.0,3979.0,25804.0,0.0
294,3976.0,2019-06-26 10:49:00,3981.0,3976.0,3978.0,29882.0,0.0
295,3978.0,2019-06-26 10:54:00,3980.0,3975.0,3977.0,23726.0,0.0
296,3979.0,2019-06-26 10:59:00,3980.0,3977.0,3978.0,7916.0,0.0
297,3974.0,2019-06-26 11:04:00,3980.0,3972.0,3977.0,39164.0,0.0
298,3970.0,2019-06-26 11:09:00,3978.0,3968.0,3971.0,48696.0,1.0
299,3973.0,2019-06-26 11:14:00,3975.0,3968.0,3972.0,35792.0,1.0
300,3975.0,2019-06-26 11:19:00,3977.0,3972.0,3974.0,26170.0,1.0
301,3976.0,2019-06-26 11:24:00,3977.0,3972.0,3973.0,22606.0,1.0
302,3979.0,2019-06-26 11:29:00,3980.0,3974.0,3977.0,30682.0,1.0
303,3981.0,2019-06-26 13:34:00,3983.0,3975.0,3982.0,53112.0,0.0
304,3988.0,2019-06-26 13:39:00,3988.0,3980.0,3986.0,58644.0,0.0
305,3987.0,2019-06-26 13:44:00,3989.0,3985.0,3985.0,39012.0,0.0
306,3991.0,2019-06-26 13:49:00,3995.0,3986.0,3993.0,69452.0,0.0
307,3990.0,2019-06-26 13:54:00,3993.0,3988.0,3989.0,31600.0,0.0
308,3988.0,2019-06-26 13:59:00,3992.0,3987.0,3988.0,28022.0,0.0
309,3986.0,2019-06-26 14:04:00,3988.0,3981.0,3986.0,38374.0,0.0
310,3987.0,2019-06-26 14:09:00,3989.0,3985.0,3985.0,14416.0,0.0
311,3990.0,2019-06-26 14:14:00,3990.0,3987.0,3990.0,14314.0,-1.0
312,3989.0,2019-06-26 14:19:00,3995.0,3988.0,3993.0,46552.0,0.0
313,3990.0,2019-06-26 14:24:00,3994.0,3989.0,3992.0,24694.0,0.0
314,3987.0,2019-06-26 14:29:00,3991.0,3984.0,3986.0,28308.0,0.0
315,3985.0,2019-06-26 14:34:00,3987.0,3976.0,3982.0,57602.0,1.0
316,3985.0,2019-06-26 14:39:00,3986.0,3982.0,3986.0,23126.0,1.0
317,3992.0,2019-06-26 14:44:00,3993.0,3985.0,3992.0,43522.0,0.0
318,3996.0,2019-06-26 14:49:00,3996.0,3990.0,3992.0,42232.0,0.0
319,3994.0,2019-06-26 14:54:00,4002.0,3991.0,3995.0,84732.0,0.0
320,3998.0,2019-06-26 14:59:00,3998.0,3990.0,3994.0,69616.0,0.0
321,4004.0,2019-06-26 21:04:00,4014.0,3998.0,4000.0,184238.0,0.0
322,3996.0,2019-06-26 21:09:00,4006.0,3996.0,3998.0,68126.0,0.0
323,3993.0,2019-06-26 21:14:00,4001.0,3989.0,3993.0,88090.0,1.0
324,3996.0,2019-06-26 21:19:00,3996.0,3992.0,3994.0,28902.0,0.0
325,4002.0,2019-06-26 21:24:00,4004.0,3995.0,4003.0,55398.0,0.0
326,4004.0,2019-06-26 21:29:00,4005.0,3997.0,4002.0,37838.0,0.0
327,4000.0,2019-06-26 21:34:00,4006.0,3999.0,3999.0,34514.0,0.0
328,4007.0,2019-06-26 21:39:00,4008.0,4000.0,4002.0,38578.0,0.0
329,4016.0,2019-06-26 21:44:00,4018.0,4004.0,4007.0,77850.0,0.0
330,4010.0,2019-06-26 21:49:00,4017.0,4007.0,4009.0,70162.0,0.0
331,4014.0,2019-06-26 21:54:00,4017.0,4009.0,4015.0,43436.0,-1.0
332,4014.0,2019-06-26 21:59:00,4015.0,4012.0,4013.0,25000.0,-1.0
333,4007.0,2019-06-26 22:04:00,4014.0,4004.0,4005.0,46728.0,0.0
334,4006.0,2019-06-26 22:09:00,4009.0,4002.0,4008.0,41280.0,0.0
335,3998.0,2019-06-26 22:14:00,4007.0,3995.0,4000.0,84966.0,1.0
336,4001.0,2019-06-26 22:19:00,4003.0,3997.0,4001.0,29974.0,1.0
337,3999.0,2019-06-26 22:24:00,4003.0,3996.0,3999.0,29474.0,1.0
338,4004.0,2019-06-26 22:29:00,4004.0,3998.0,4003.0,19714.0,0.0
339,4008.0,2019-06-26 22:34:00,4009.0,4005.0,4007.0,38798.0,0.0
340,4010.0,2019-06-26 22:39:00,4014.0,4008.0,4010.0,37670.0,0.0
341,4016.0,2019-06-26 22:44:00,4017.0,4008.0,4013.0,63220.0,0.0
342,4014.0,2019-06-26 22:49:00,4017.0,4010.0,4013.0,28246.0,1.0
343,4013.0,2019-06-26 22:54:00,4015.0,4010.0,4015.0,20336.0,0.0
344,4025.0,2019-06-26 22:59:00,4028.0,4011.0,4027.0,113422.0,0.0
345,4034.0,2019-06-27 09:04:00,4037.0,4022.0,4032.0,124642.0,0.0
346,4029.0,2019-06-27 09:09:00,4036.0,4026.0,4031.0,45140.0,1.0
347,4038.0,2019-06-27 09:14:00,4039.0,4028.0,4035.0,46282.0,1.0
348,4032.0,2019-06-27 09:19:00,4039.0,4031.0,4032.0,49944.0,1.0
349,4043.0,2019-06-27 09:24:00,4045.0,4032.0,4038.0,79214.0,1.0
350,4044.0,2019-06-27 09:29:00,4050.0,4042.0,4048.0,104474.0,0.0
351,4049.0,2019-06-27 09:34:00,4052.0,4042.0,4052.0,64688.0,0.0
352,4062.0,2019-06-27 09:39:00,4064.0,4049.0,4059.0,94882.0,0.0
353,4075.0,2019-06-27 09:44:00,4079.0,4062.0,4079.0,165956.0,-1.0
354,4065.0,2019-06-27 09:49:00,4076.0,4065.0,4068.0,75008.0,-1.0
355,4065.0,2019-06-27 09:54:00,4067.0,4056.0,4060.0,93814.0,0.0
356,4065.0,2019-06-27 09:59:00,4067.0,4061.0,4066.0,38818.0,0.0
357,4060.0,2019-06-27 10:04:00,4068.0,4058.0,4062.0,60774.0,1.0
358,4060.0,2019-06-27 10:09:00,4065.0,4057.0,4059.0,38294.0,1.0
359,4060.0,2019-06-27 10:14:00,4061.0,4054.0,4059.0,37094.0,1.0
360,4067.0,2019-06-27 10:34:00,4067.0,4055.0,4065.0,39616.0,1.0
361,4068.0,2019-06-27 10:39:00,4069.0,4062.0,4062.0,30942.0,1.0
362,4074.0,2019-06-27 10:44:00,4074.0,4066.0,4073.0,42032.0,1.0
363,4074.0,2019-06-27 10:49:00,4076.0,4070.0,4074.0,43984.0,0.0
364,4078.0,2019-06-27 10:54:00,4080.0,4073.0,4078.0,67986.0,0.0
365,4086.0,2019-06-27 10:59:00,4087.0,4071.0,4083.0,99668.0,0.0
366,4083.0,2019-06-27 11:04:00,4094.0,4076.0,4082.0,133208.0,0.0
367,4085.0,2019-06-27 11:09:00,4093.0,4082.0,4083.0,49928.0,-1.0
368,4082.0,2019-06-27 11:14:00,4086.0,4080.0,4083.0,27896.0,-1.0
369,4082.0,2019-06-27 11:19:00,4083.0,4078.0,4081.0,38932.0,0.0
370,4077.0,2019-06-27 11:24:00,4082.0,4074.0,4074.0,57158.0,0.0
371,4063.0,2019-06-27 11:29:00,4077.0,4063.0,4067.0,122560.0,0.0
372,4061.0,2019-06-27 13:34:00,4064.0,4051.0,4064.0,138184.0,1.0
373,4062.0,2019-06-27 13:39:00,4065.0,4060.0,4062.0,45712.0,0.0
374,4066.0,2019-06-27 13:44:00,4068.0,4060.0,4067.0,41722.0,0.0
375,4067.0,2019-06-27 13:49:00,4072.0,4063.0,4068.0,45492.0,-1.0
376,4067.0,2019-06-27 13:54:00,4069.0,4063.0,4064.0,31216.0,-1.0
377,4068.0,2019-06-27 13:59:00,4068.0,4063.0,4066.0,28236.0,-1.0
378,4061.0,2019-06-27 14:04:00,4072.0,4060.0,4061.0,64706.0,-1.0
379,4043.0,2019-06-27 14:09:00,4062.0,4043.0,4054.0,130674.0,-1.0
380,4042.0,2019-06-27 14:14:00,4043.0,4026.0,4039.0,217458.0,-1.0
381,4041.0,2019-06-27 14:19:00,4048.0,4039.0,4046.0,64306.0,0.0
382,4022.0,2019-06-27 14:24:00,4042.0,4021.0,4027.0,155914.0,0.0
383,4013.0,2019-06-27 14:29:00,4022.0,4005.0,4014.0,230500.0,0.0
384,4020.0,2019-06-27 14:34:00,4026.0,4011.0,4025.0,103264.0,-1.0
385,4010.0,2019-06-27 14:39:00,4022.0,4005.0,4008.0,92160.0,0.0
386,4007.0,2019-06-27 14:44:00,4015.0,4000.0,4012.0,121196.0,0.0
387,4010.0,2019-06-27 14:49:00,4012.0,4003.0,4009.0,65768.0,0.0
388,4003.0,2019-06-27 14:54:00,4010.0,3995.0,3998.0,138380.0,1.0
389,4001.0,2019-06-27 14:59:00,4005.0,3998.0,4004.0,99418.0,0.0
390,4021.0,2019-06-27 21:04:00,4023.0,4003.0,4018.0,173860.0,0.0
391,4029.0,2019-06-27 21:09:00,4030.0,4019.0,4025.0,111318.0,0.0
392,4039.0,2019-06-27 21:14:00,4043.0,4026.0,4039.0,170728.0,0.0
393,4039.0,2019-06-27 21:19:00,4045.0,4036.0,4039.0,109478.0,0.0
394,4032.0,2019-06-27 21:24:00,4045.0,4031.0,4038.0,87776.0,0.0
395,4038.0,2019-06-27 21:29:00,4040.0,4031.0,4038.0,47482.0,-1.0
396,4033.0,2019-06-27 21:34:00,4041.0,4032.0,4033.0,48618.0,-1.0
397,4034.0,2019-06-27 21:39:00,4035.0,4028.0,4031.0,39344.0,0.0
398,4035.0,2019-06-27 21:44:00,4038.0,4032.0,4035.0,26566.0,0.0
399,4029.0,2019-06-27 21:49:00,4036.0,4027.0,4030.0,39024.0,0.0
400,4027.0,2019-06-27 21:54:00,4033.0,4025.0,4029.0,35728.0,0.0
401,4021.0,2019-06-27 21:59:00,4030.0,4021.0,4027.0,40522.0,0.0
402,4034.0,2019-06-27 22:04:00,4035.0,4020.0,4034.0,51220.0,0.0
403,4029.0,2019-06-27 22:09:00,4044.0,4028.0,4033.0,82950.0,0.0
404,4030.0,2019-06-27 22:14:00,4032.0,4023.0,4026.0,48382.0,0.0
405,4031.0,2019-06-27 22:19:00,4035.0,4029.0,4033.0,32730.0,0.0
406,4031.0,2019-06-27 22:24:00,4035.0,4030.0,4032.0,12394.0,0.0
407,4024.0,2019-06-27 22:29:00,4033.0,4023.0,4029.0,26730.0,0.0
408,4026.0,2019-06-27 22:34:00,4029.0,4023.0,4026.0,24114.0,0.0
409,4027.0,2019-06-27 22:39:00,4033.0,4026.0,4030.0,22042.0,0.0
410,4025.0,2019-06-27 22:44:00,4029.0,4023.0,4023.0,33862.0,1.0
411,4030.0,2019-06-27 22:49:00,4031.0,4024.0,4029.0,19072.0,1.0
412,4030.0,2019-06-27 22:54:00,4036.0,4028.0,4035.0,35544.0,0.0
413,4030.0,2019-06-27 22:59:00,4034.0,4028.0,4033.0,32066.0,0.0
414,4053.0,2019-06-28 09:04:00,4060.0,4035.0,4051.0,189260.0,0.0
415,4063.0,2019-06-28 09:09:00,4064.0,4048.0,4060.0,94756.0,0.0
416,4068.0,2019-06-28 09:14:00,4068.0,4055.0,4064.0,86104.0,0.0
417,4058.0,2019-06-28 09:19:00,4068.0,4058.0,4061.0,59252.0,0.0
418,4059.0,2019-06-28 09:24:00,4062.0,4057.0,4060.0,27898.0,0.0
419,4064.0,2019-06-28 09:29:00,4064.0,4058.0,4061.0,23720.0,0.0
420,4058.0,2019-06-28 09:34:00,4065.0,4053.0,4055.0,40670.0,0.0
421,4059.0,2019-06-28 09:39:00,4060.0,4056.0,4058.0,14732.0,0.0
422,4059.0,2019-06-28 09:44:00,4060.0,4056.0,4058.0,14830.0,0.0
423,4053.0,2019-06-28 09:49:00,4059.0,4052.0,4053.0,40418.0,0.0
424,4057.0,2019-06-28 09:54:00,4058.0,4052.0,4053.0,18672.0,0.0
425,4055.0,2019-06-28 09:59:00,4059.0,4053.0,4055.0,23078.0,0.0
426,4062.0,2019-06-28 10:04:00,4065.0,4052.0,4060.0,38912.0,0.0
427,4046.0,2019-06-28 10:09:00,4063.0,4044.0,4046.0,89488.0,0.0
428,4034.0,2019-06-28 10:14:00,4050.0,4025.0,4032.0,117670.0,0.0
429,4040.0,2019-06-28 10:34:00,4044.0,4031.0,4037.0,61570.0,0.0
430,4049.0,2019-06-28 10:39:00,4049.0,4039.0,4045.0,47112.0,0.0
431,4044.0,2019-06-28 10:44:00,4048.0,4043.0,4046.0,25794.0,0.0
432,4040.0,2019-06-28 10:49:00,4045.0,4039.0,4043.0,34874.0,0.0
433,4044.0,2019-06-28 10:54:00,4044.0,4033.0,4037.0,37598.0,0.0
434,4042.0,2019-06-28 10:59:00,4044.0,4039.0,4042.0,13556.0,0.0
435,4044.0,2019-06-28 11:04:00,4047.0,4042.0,4043.0,15866.0,0.0
436,4044.0,2019-06-28 11:09:00,4047.0,4043.0,4044.0,10622.0,0.0
437,4042.0,2019-06-28 11:14:00,4044.0,4039.0,4043.0,16082.0,0.0
438,4053.0,2019-06-28 11:19:00,4057.0,4041.0,4054.0,66626.0,0.0
439,4055.0,2019-06-28 11:24:00,4059.0,4050.0,4055.0,43944.0,0.0
440,4052.0,2019-06-28 11:29:00,4057.0,4046.0,4051.0,33788.0,0.0
441,4054.0,2019-06-28 13:34:00,4058.0,4050.0,4054.0,46826.0,0.0
442,4054.0,2019-06-28 13:39:00,4060.0,4053.0,4054.0,49274.0,0.0
443,4053.0,2019-06-28 13:44:00,4055.0,4050.0,4053.0,18782.0,0.0
444,4059.0,2019-06-28 13:49:00,4061.0,4053.0,4058.0,41258.0,0.0
445,4055.0,2019-06-28 13:54:00,4061.0,4054.0,4056.0,28488.0,1.0
446,4053.0,2019-06-28 13:59:00,4058.0,4052.0,4055.0,18156.0,0.0
447,4059.0,2019-06-28 14:04:00,4061.0,4053.0,4060.0,29950.0,0.0
448,4060.0,2019-06-28 14:09:00,4062.0,4056.0,4057.0,26136.0,0.0
449,4063.0,2019-06-28 14:14:00,4064.0,4058.0,4062.0,44396.0,0.0
450,4063.0,2019-06-28 14:19:00,4063.0,4058.0,4061.0,41354.0,0.0
451,4061.0,2019-06-28 14:24:00,4067.0,4058.0,4063.0,67190.0,0.0
452,4057.0,2019-06-28 14:29:00,4064.0,4055.0,4062.0,45194.0,0.0
453,4057.0,2019-06-28 14:34:00,4058.0,4047.0,4054.0,80642.0,0.0
454,4061.0,2019-06-28 14:39:00,4062.0,4057.0,4058.0,34610.0,0.0
455,4061.0,2019-06-28 14:44:00,4062.0,4057.0,4060.0,19230.0,1.0
456,4059.0,2019-06-28 14:49:00,4062.0,4056.0,4059.0,21240.0,0.0
457,4060.0,2019-06-28 14:54:00,4061.0,4054.0,4057.0,35628.0,0.0
458,4065.0,2019-06-28 14:59:00,4070.0,4059.0,4065.0,137898.0,0.0
459,4067.0,2019-06-28 21:04:00,4074.0,4067.0,4067.0,100602.0,1.0
460,4068.0,2019-06-28 21:09:00,4070.0,4062.0,4068.0,65414.0,1.0
461,4065.0,2019-06-28 21:14:00,4067.0,4063.0,4065.0,23968.0,0.0
462,4075.0,2019-06-28 21:19:00,4076.0,4065.0,4074.0,59220.0,0.0
463,4076.0,2019-06-28 21:24:00,4078.0,4073.0,4075.0,52910.0,0.0
464,4081.0,2019-06-28 21:29:00,4084.0,4075.0,4082.0,60050.0,0.0
465,4084.0,2019-06-28 21:34:00,4084.0,4077.0,4083.0,39110.0,-1.0
466,4080.0,2019-06-28 21:39:00,4084.0,4077.0,4078.0,38968.0,0.0
467,4081.0,2019-06-28 21:44:00,4083.0,4078.0,4081.0,17924.0,-1.0
468,4080.0,2019-06-28 21:49:00,4083.0,4078.0,4079.0,21244.0,-1.0
469,4079.0,2019-06-28 21:54:00,4082.0,4076.0,4081.0,30508.0,0.0
470,4078.0,2019-06-28 21:59:00,4082.0,4077.0,4078.0,16862.0,0.0
471,4070.0,2019-06-28 22:04:00,4078.0,4065.0,4067.0,77650.0,0.0
472,4071.0,2019-06-28 22:09:00,4073.0,4064.0,4072.0,51700.0,0.0
473,4069.0,2019-06-28 22:14:00,4072.0,4068.0,4070.0,27452.0,0.0
474,4073.0,2019-06-28 22:19:00,4075.0,4069.0,4075.0,21436.0,0.0
475,4075.0,2019-06-28 22:24:00,4076.0,4072.0,4073.0,16280.0,0.0
476,4070.0,2019-06-28 22:29:00,4075.0,4068.0,4070.0,24876.0,1.0
477,4069.0,2019-06-28 22:34:00,4073.0,4067.0,4067.0,19150.0,1.0
478,4072.0,2019-06-28 22:39:00,4072.0,4065.0,4071.0,29726.0,0.0
479,4073.0,2019-06-28 22:44:00,4075.0,4068.0,4073.0,20262.0,0.0
480,4074.0,2019-06-28 22:49:00,4075.0,4071.0,4072.0,18716.0,1.0
481,4074.0,2019-06-28 22:54:00,4079.0,4073.0,4075.0,27914.0,1.0
482,4079.0,2019-06-28 22:59:00,4079.0,4071.0,4076.0,57414.0,0.0
483,4119.0,2019-07-01 09:04:00,4136.0,4107.0,4112.0,463136.0,0.0
484,4116.0,2019-07-01 09:09:00,4125.0,4113.0,4119.0,109362.0,0.0
485,4140.0,2019-07-01 09:14:00,4142.0,4116.0,4128.0,148962.0,-1.0
486,4140.0,2019-07-01 09:19:00,4148.0,4135.0,4138.0,130000.0,-1.0
487,4138.0,2019-07-01 09:24:00,4141.0,4133.0,4138.0,60042.0,0.0
488,4135.0,2019-07-01 09:29:00,4142.0,4131.0,4136.0,56194.0,0.0
489,4123.0,2019-07-01 09:34:00,4136.0,4123.0,4127.0,62498.0,0.0
490,4115.0,2019-07-01 09:39:00,4129.0,4115.0,4125.0,82930.0,1.0
491,4123.0,2019-07-01 09:44:00,4125.0,4114.0,4121.0,73770.0,0.0
492,4123.0,2019-07-01 09:49:00,4127.0,4121.0,4122.0,37014.0,0.0
493,4125.0,2019-07-01 09:54:00,4125.0,4118.0,4123.0,31356.0,0.0
494,4127.0,2019-07-01 09:59:00,4127.0,4119.0,4126.0,25446.0,0.0
495,4132.0,2019-07-01 10:04:00,4136.0,4124.0,4133.0,55662.0,0.0
496,4125.0,2019-07-01 10:09:00,4133.0,4123.0,4125.0,34902.0,0.0
497,4130.0,2019-07-01 10:14:00,4131.0,4124.0,4130.0,18762.0,0.0
498,4136.0,2019-07-01 10:34:00,4136.0,4129.0,4134.0,36726.0,0.0
499,4135.0,2019-07-01 10:39:00,4138.0,4131.0,4137.0,39480.0,0.0
500,4130.0,2019-07-01 10:44:00,4137.0,4130.0,4133.0,20870.0,0.0
501,4131.0,2019-07-01 10:49:00,4136.0,4129.0,4129.0,22240.0,0.0
502,4139.0,2019-07-01 10:54:00,4139.0,4131.0,4138.0,38134.0,-1.0
503,4131.0,2019-07-01 10:59:00,4140.0,4129.0,4132.0,40480.0,-1.0
504,4127.0,2019-07-01 11:04:00,4131.0,4120.0,4126.0,55716.0,0.0
505,4126.0,2019-07-01 11:09:00,4131.0,4125.0,4128.0,26652.0,0.0
506,4126.0,2019-07-01 11:14:00,4130.0,4125.0,4128.0,22236.0,0.0
507,4122.0,2019-07-01 11:19:00,4126.0,4121.0,4124.0,30020.0,0.0
508,4121.0,2019-07-01 11:24:00,4125.0,4117.0,4122.0,45748.0,0.0
509,4125.0,2019-07-01 11:29:00,4125.0,4116.0,4120.0,36658.0,0.0
510,4119.0,2019-07-01 13:34:00,4128.0,4118.0,4122.0,40476.0,1.0
511,4125.0,2019-07-01 13:39:00,4126.0,4117.0,4120.0,36968.0,0.0
512,4130.0,2019-07-01 13:44:00,4133.0,4124.0,4130.0,53074.0,0.0
513,4129.0,2019-07-01 13:49:00,4134.0,4125.0,4127.0,37278.0,0.0
514,4132.0,2019-07-01 13:54:00,4133.0,4127.0,4130.0,31538.0,0.0
515,4131.0,2019-07-01 13:59:00,4135.0,4127.0,4129.0,48046.0,0.0
516,4120.0,2019-07-01 14:04:00,4132.0,4118.0,4122.0,58632.0,0.0
517,4123.0,2019-07-01 14:09:00,4123.0,4117.0,4120.0,41544.0,-1.0
518,4122.0,2019-07-01 14:14:00,4124.0,4114.0,4121.0,55286.0,-1.0
519,4126.0,2019-07-01 14:19:00,4127.0,4118.0,4123.0,43012.0,-1.0
520,4116.0,2019-07-01 14:24:00,4128.0,4111.0,4117.0,78110.0,-1.0
521,4112.0,2019-07-01 14:29:00,4116.0,4104.0,4109.0,132488.0,0.0
522,4105.0,2019-07-01 14:34:00,4114.0,4105.0,4112.0,64746.0,0.0
523,4095.0,2019-07-01 14:39:00,4106.0,4094.0,4095.0,150738.0,0.0
524,4090.0,2019-07-01 14:44:00,4097.0,4085.0,4090.0,131272.0,0.0
525,4090.0,2019-07-01 14:49:00,4094.0,4078.0,4091.0,136972.0,0.0
526,4096.0,2019-07-01 14:54:00,4096.0,4086.0,4090.0,73682.0,0.0
527,4107.0,2019-07-01 14:59:00,4113.0,4093.0,4111.0,121620.0,0.0
528,4099.0,2019-07-01 21:04:00,4112.0,4099.0,4104.0,99176.0,0.0
529,4086.0,2019-07-01 21:09:00,4102.0,4085.0,4089.0,102888.0,0.0
530,4098.0,2019-07-01 21:14:00,4098.0,4085.0,4095.0,64744.0,0.0
531,4091.0,2019-07-01 21:19:00,4100.0,4090.0,4091.0,50516.0,0.0
532,4093.0,2019-07-01 21:24:00,4096.0,4089.0,4092.0,36756.0,0.0
533,4091.0,2019-07-01 21:29:00,4096.0,4091.0,4094.0,27254.0,0.0
534,4096.0,2019-07-01 21:34:00,4098.0,4091.0,4096.0,34462.0,0.0
535,4095.0,2019-07-01 21:39:00,4097.0,4093.0,4096.0,17530.0,0.0
536,4093.0,2019-07-01 21:44:00,4095.0,4091.0,4092.0,25160.0,0.0
537,4090.0,2019-07-01 21:49:00,4093.0,4090.0,4092.0,22732.0,0.0
538,4105.0,2019-07-01 21:54:00,4105.0,4088.0,4097.0,61298.0,0.0
539,4108.0,2019-07-01 21:59:00,4111.0,4103.0,4106.0,83380.0,0.0
540,4104.0,2019-07-01 22:04:00,4109.0,4103.0,4105.0,37436.0,0.0
541,4105.0,2019-07-01 22:09:00,4108.0,4103.0,4107.0,20816.0,0.0
542,4112.0,2019-07-01 22:14:00,4116.0,4104.0,4113.0,58642.0,-1.0
543,4114.0,2019-07-01 22:19:00,4115.0,4111.0,4111.0,23798.0,0.0
544,4111.0,2019-07-01 22:24:00,4114.0,4108.0,4109.0,21028.0,0.0
545,4107.0,2019-07-01 22:29:00,4112.0,4106.0,4107.0,25392.0,0.0
546,4104.0,2019-07-01 22:34:00,4109.0,4104.0,4108.0,23780.0,0.0
547,4102.0,2019-07-01 22:39:00,4107.0,4101.0,4103.0,21666.0,0.0
548,4107.0,2019-07-01 22:44:00,4107.0,4100.0,4105.0,25386.0,0.0
549,4101.0,2019-07-01 22:49:00,4108.0,4100.0,4103.0,25298.0,-1.0
550,4109.0,2019-07-01 22:54:00,4109.0,4100.0,4104.0,30748.0,-1.0
551,4105.0,2019-07-01 22:59:00,4109.0,4101.0,4104.0,35212.0,0.0
552,4071.0,2019-07-02 09:04:00,4099.0,4053.0,4065.0,355600.0,0.0
553,4057.0,2019-07-02 09:09:00,4072.0,4056.0,4061.0,144186.0,0.0
554,4045.0,2019-07-02 09:14:00,4060.0,4031.0,4044.0,260836.0,0.0
555,4048.0,2019-07-02 09:19:00,4051.0,4041.0,4050.0,101260.0,0.0
556,4048.0,2019-07-02 09:24:00,4050.0,4042.0,4047.0,62168.0,0.0
557,4043.0,2019-07-02 09:29:00,4051.0,4040.0,4041.0,52626.0,0.0
558,4041.0,2019-07-02 09:34:00,4044.0,4024.0,4040.0,167578.0,0.0
559,4032.0,2019-07-02 09:39:00,4041.0,4031.0,4034.0,63062.0,0.0
560,4040.0,2019-07-02 09:44:00,4041.0,4031.0,4037.0,54982.0,-1.0
561,4039.0,2019-07-02 09:49:00,4041.0,4033.0,4041.0,34810.0,-1.0
562,4038.0,2019-07-02 09:54:00,4040.0,4037.0,4040.0,20872.0,-1.0
563,4038.0,2019-07-02 09:59:00,4043.0,4035.0,4042.0,31882.0,-1.0
564,4036.0,2019-07-02 10:04:00,4040.0,4034.0,4040.0,32108.0,0.0
565,4036.0,2019-07-02 10:09:00,4037.0,4032.0,4035.0,31402.0,0.0
566,4035.0,2019-07-02 10:14:00,4038.0,4034.0,4037.0,16188.0,0.0
567,4033.0,2019-07-02 10:34:00,4035.0,4030.0,4032.0,32124.0,0.0
568,4031.0,2019-07-02 10:39:00,4034.0,4029.0,4032.0,29868.0,0.0
569,4056.0,2019-07-02 10:44:00,4058.0,4031.0,4051.0,150308.0,-1.0
570,4049.0,2019-07-02 10:49:00,4058.0,4048.0,4050.0,71968.0,0.0
571,4052.0,2019-07-02 10:54:00,4054.0,4048.0,4052.0,31560.0,0.0
572,4051.0,2019-07-02 10:59:00,4053.0,4050.0,4051.0,19862.0,0.0
573,4044.0,2019-07-02 11:04:00,4054.0,4044.0,4049.0,26190.0,0.0
574,4042.0,2019-07-02 11:09:00,4045.0,4037.0,4039.0,43654.0,0.0
575,4041.0,2019-07-02 11:14:00,4044.0,4036.0,4038.0,22136.0,0.0
576,4043.0,2019-07-02 11:19:00,4043.0,4038.0,4041.0,15660.0,0.0
577,4037.0,2019-07-02 11:24:00,4043.0,4036.0,4040.0,20430.0,0.0
578,4038.0,2019-07-02 11:29:00,4042.0,4036.0,4042.0,16754.0,0.0
579,4041.0,2019-07-02 13:34:00,4044.0,4033.0,4043.0,47246.0,0.0
580,4046.0,2019-07-02 13:39:00,4050.0,4037.0,4050.0,44832.0,0.0
581,4038.0,2019-07-02 13:44:00,4047.0,4038.0,4042.0,28230.0,0.0
582,4041.0,2019-07-02 13:49:00,4044.0,4038.0,4039.0,22200.0,0.0
583,4038.0,2019-07-02 13:54:00,4045.0,4037.0,4043.0,25674.0,0.0
584,4039.0,2019-07-02 13:59:00,4040.0,4036.0,4039.0,19424.0,0.0
585,4040.0,2019-07-02 14:04:00,4042.0,4035.0,4040.0,33090.0,0.0
586,4043.0,2019-07-02 14:09:00,4044.0,4039.0,4042.0,14310.0,0.0
587,4051.0,2019-07-02 14:14:00,4052.0,4041.0,4045.0,43350.0,0.0
588,4046.0,2019-07-02 14:19:00,4053.0,4045.0,4046.0,31264.0,1.0
589,4049.0,2019-07-02 14:24:00,4052.0,4046.0,4047.0,23592.0,1.0
590,4051.0,2019-07-02 14:29:00,4051.0,4048.0,4050.0,16810.0,0.0
591,4056.0,2019-07-02 14:34:00,4059.0,4050.0,4055.0,52942.0,0.0
592,4066.0,2019-07-02 14:39:00,4067.0,4054.0,4061.0,91206.0,-1.0
593,4064.0,2019-07-02 14:44:00,4067.0,4061.0,4066.0,56284.0,0.0
594,4064.0,2019-07-02 14:49:00,4065.0,4056.0,4063.0,44776.0,0.0
595,4061.0,2019-07-02 14:54:00,4067.0,4060.0,4063.0,30032.0,0.0
596,4053.0,2019-07-02 14:59:00,4065.0,4053.0,4054.0,70570.0,0.0
597,4056.0,2019-07-02 21:04:00,4059.0,4039.0,4051.0,111250.0,0.0
598,4055.0,2019-07-02 21:09:00,4063.0,4055.0,4057.0,53870.0,0.0
599,4059.0,2019-07-02 21:14:00,4062.0,4056.0,4060.0,40658.0,0.0
600,4057.0,2019-07-02 21:19:00,4062.0,4056.0,4058.0,25896.0,0.0
601,4064.0,2019-07-02 21:24:00,4065.0,4056.0,4062.0,35926.0,0.0
602,4092.0,2019-07-02 21:29:00,4097.0,4064.0,4088.0,260416.0,0.0
603,4075.0,2019-07-02 21:34:00,4093.0,4073.0,4085.0,112508.0,1.0
604,4074.0,2019-07-02 21:39:00,4079.0,4069.0,4077.0,74082.0,1.0
605,4078.0,2019-07-02 21:44:00,4079.0,4074.0,4078.0,24098.0,0.0
606,4085.0,2019-07-02 21:49:00,4085.0,4078.0,4083.0,47614.0,0.0
607,4084.0,2019-07-02 21:54:00,4090.0,4084.0,4085.0,56308.0,0.0
608,4086.0,2019-07-02 21:59:00,4086.0,4081.0,4084.0,25926.0,-1.0
609,4086.0,2019-07-02 22:04:00,4088.0,4083.0,4085.0,28118.0,-1.0
610,4081.0,2019-07-02 22:09:00,4088.0,4081.0,4085.0,23698.0,-1.0
611,4076.0,2019-07-02 22:14:00,4085.0,4076.0,4079.0,40480.0,0.0
612,4079.0,2019-07-02 22:19:00,4079.0,4075.0,4076.0,26724.0,-1.0
613,4075.0,2019-07-02 22:24:00,4081.0,4075.0,4079.0,20714.0,-1.0
614,4062.0,2019-07-02 22:29:00,4077.0,4062.0,4075.0,58364.0,0.0
615,4063.0,2019-07-02 22:34:00,4063.0,4054.0,4060.0,88338.0,-1.0
616,4064.0,2019-07-02 22:39:00,4067.0,4061.0,4067.0,36100.0,0.0
617,4048.0,2019-07-02 22:44:00,4064.0,4047.0,4049.0,82424.0,0.0
618,4043.0,2019-07-02 22:49:00,4053.0,4040.0,4047.0,87474.0,0.0
619,4046.0,2019-07-02 22:54:00,4051.0,4041.0,4050.0,48754.0,0.0
620,4040.0,2019-07-02 22:59:00,4047.0,4036.0,4039.0,77264.0,-1.0
621,4048.0,2019-07-03 09:04:00,4049.0,4036.0,4049.0,84348.0,-1.0
622,4042.0,2019-07-03 09:09:00,4051.0,4042.0,4043.0,41312.0,0.0
623,4025.0,2019-07-03 09:14:00,4044.0,4017.0,4019.0,165288.0,0.0
624,4010.0,2019-07-03 09:19:00,4029.0,4007.0,4015.0,143670.0,0.0
625,4005.0,2019-07-03 09:24:00,4019.0,4004.0,4009.0,126280.0,1.0
626,4010.0,2019-07-03 09:29:00,4016.0,4002.0,4011.0,104892.0,0.0
627,4011.0,2019-07-03 09:34:00,4015.0,4008.0,4013.0,42944.0,0.0
628,4014.0,2019-07-03 09:39:00,4014.0,4005.0,4013.0,50352.0,0.0
629,4024.0,2019-07-03 09:44:00,4024.0,4014.0,4016.0,57348.0,0.0
630,4023.0,2019-07-03 09:49:00,4025.0,4016.0,4023.0,48560.0,0.0
631,4014.0,2019-07-03 09:54:00,4025.0,4014.0,4019.0,33968.0,0.0
632,4016.0,2019-07-03 09:59:00,4019.0,4013.0,4018.0,20134.0,0.0
633,4017.0,2019-07-03 10:04:00,4017.0,4011.0,4016.0,26744.0,0.0
634,4021.0,2019-07-03 10:09:00,4023.0,4016.0,4020.0,19528.0,0.0
635,4022.0,2019-07-03 10:14:00,4029.0,4020.0,4029.0,45300.0,0.0
636,4018.0,2019-07-03 10:34:00,4022.0,4014.0,4016.0,28636.0,0.0
637,4021.0,2019-07-03 10:39:00,4026.0,4018.0,4025.0,41596.0,0.0
638,4024.0,2019-07-03 10:44:00,4025.0,4020.0,4024.0,17368.0,0.0
639,4020.0,2019-07-03 10:49:00,4027.0,4020.0,4020.0,21510.0,0.0
640,4025.0,2019-07-03 10:54:00,4025.0,4017.0,4025.0,31070.0,0.0
641,4024.0,2019-07-03 10:59:00,4027.0,4022.0,4027.0,18728.0,0.0
642,4035.0,2019-07-03 11:04:00,4035.0,4021.0,4025.0,53162.0,0.0
643,4029.0,2019-07-03 11:09:00,4040.0,4025.0,4028.0,85816.0,0.0
644,4026.0,2019-07-03 11:14:00,4031.0,4022.0,4024.0,27802.0,0.0
645,4025.0,2019-07-03 11:19:00,4029.0,4023.0,4028.0,28226.0,0.0
646,4026.0,2019-07-03 11:24:00,4029.0,4022.0,4024.0,34386.0,0.0
647,4028.0,2019-07-03 11:29:00,4032.0,4026.0,4029.0,26472.0,0.0
648,4032.0,2019-07-03 13:34:00,4032.0,4022.0,4029.0,39706.0,-1.0
649,4024.0,2019-07-03 13:39:00,4032.0,4024.0,4027.0,17440.0,0.0
650,4027.0,2019-07-03 13:44:00,4028.0,4021.0,4026.0,25680.0,-1.0
651,4026.0,2019-07-03 13:49:00,4028.0,4023.0,4025.0,13968.0,0.0
652,4022.0,2019-07-03 13:54:00,4027.0,4021.0,4023.0,18008.0,0.0
653,4017.0,2019-07-03 13:59:00,4024.0,4016.0,4019.0,38734.0,0.0
654,4015.0,2019-07-03 14:04:00,4019.0,4013.0,4015.0,34170.0,0.0
655,4017.0,2019-07-03 14:09:00,4022.0,4015.0,4017.0,23498.0,0.0
656,4033.0,2019-07-03 14:14:00,4034.0,4016.0,4031.0,69446.0,0.0
657,4035.0,2019-07-03 14:19:00,4039.0,4030.0,4031.0,61248.0,0.0
658,4031.0,2019-07-03 14:24:00,4035.0,4028.0,4033.0,28934.0,0.0
659,4029.0,2019-07-03 14:29:00,4035.0,4028.0,4030.0,29902.0,0.0
660,4034.0,2019-07-03 14:34:00,4035.0,4025.0,4029.0,36168.0,0.0
661,4029.0,2019-07-03 14:39:00,4035.0,4028.0,4030.0,25240.0,0.0
662,4028.0,2019-07-03 14:44:00,4034.0,4027.0,4028.0,22210.0,0.0
663,4029.0,2019-07-03 14:49:00,4031.0,4024.0,4028.0,20902.0,0.0
664,4030.0,2019-07-03 14:54:00,4034.0,4028.0,4032.0,24860.0,0.0
665,4030.0,2019-07-03 14:59:00,4033.0,4028.0,4030.0,48652.0,0.0
666,4013.0,2019-07-03 21:04:00,4030.0,4010.0,4020.0,153074.0,0.0
667,4024.0,2019-07-03 21:09:00,4026.0,4012.0,4017.0,71674.0,0.0
668,4024.0,2019-07-03 21:14:00,4032.0,4023.0,4025.0,70670.0,0.0
669,4020.0,2019-07-03 21:19:00,4029.0,4020.0,4022.0,34506.0,0.0
670,4018.0,2019-07-03 21:24:00,4023.0,4014.0,4021.0,46680.0,0.0
671,4014.0,2019-07-03 21:29:00,4020.0,4012.0,4015.0,35712.0,0.0
672,4021.0,2019-07-03 21:34:00,4022.0,4013.0,4022.0,37504.0,0.0
673,4016.0,2019-07-03 21:39:00,4024.0,4016.0,4018.0,32712.0,0.0
674,4010.0,2019-07-03 21:44:00,4018.0,4006.0,4007.0,74500.0,0.0
675,4011.0,2019-07-03 21:49:00,4011.0,4004.0,4006.0,64782.0,0.0
676,4014.0,2019-07-03 21:54:00,4015.0,4008.0,4011.0,32894.0,0.0
677,4011.0,2019-07-03 21:59:00,4015.0,4010.0,4010.0,15262.0,1.0
678,4015.0,2019-07-03 22:04:00,4015.0,4007.0,4013.0,29960.0,1.0
679,4016.0,2019-07-03 22:09:00,4018.0,4013.0,4015.0,28456.0,1.0
680,4017.0,2019-07-03 22:14:00,4021.0,4016.0,4019.0,22996.0,0.0
681,4017.0,2019-07-03 22:19:00,4020.0,4015.0,4017.0,13546.0,1.0
682,4022.0,2019-07-03 22:24:00,4026.0,4016.0,4024.0,54166.0,0.0
683,4027.0,2019-07-03 22:29:00,4030.0,4022.0,4029.0,50882.0,0.0
684,4027.0,2019-07-03 22:34:00,4032.0,4023.0,4028.0,48726.0,0.0
685,4058.0,2019-07-03 22:39:00,4059.0,4027.0,4044.0,218422.0,-1.0
686,4051.0,2019-07-03 22:44:00,4062.0,4048.0,4052.0,148594.0,0.0
687,4049.0,2019-07-03 22:49:00,4054.0,4048.0,4050.0,42598.0,0.0
688,4047.0,2019-07-03 22:54:00,4055.0,4046.0,4050.0,42046.0,0.0
689,4045.0,2019-07-03 22:59:00,4050.0,4041.0,4045.0,70236.0,0.0
690,4046.0,2019-07-04 09:04:00,4053.0,4044.0,4044.0,63106.0,0.0
691,4052.0,2019-07-04 09:09:00,4052.0,4045.0,4049.0,29524.0,0.0
692,4049.0,2019-07-04 09:14:00,4055.0,4048.0,4051.0,41624.0,0.0
693,4044.0,2019-07-04 09:19:00,4050.0,4044.0,4047.0,32470.0,1.0
694,4052.0,2019-07-04 09:24:00,4053.0,4044.0,4050.0,27626.0,0.0
695,4049.0,2019-07-04 09:29:00,4056.0,4049.0,4052.0,42444.0,0.0
696,4053.0,2019-07-04 09:34:00,4054.0,4049.0,4052.0,19312.0,0.0
697,4062.0,2019-07-04 09:39:00,4069.0,4051.0,4060.0,92510.0,0.0
698,4065.0,2019-07-04 09:44:00,4066.0,4057.0,4062.0,50426.0,0.0
699,4062.0,2019-07-04 09:49:00,4066.0,4057.0,4058.0,38600.0,0.0
700,4056.0,2019-07-04 09:54:00,4063.0,4054.0,4057.0,24172.0,1.0
701,4059.0,2019-07-04 09:59:00,4060.0,4055.0,4059.0,15298.0,0.0
702,4065.0,2019-07-04 10:04:00,4068.0,4059.0,4064.0,44318.0,0.0
703,4066.0,2019-07-04 10:09:00,4074.0,4064.0,4066.0,56802.0,0.0
704,4071.0,2019-07-04 10:14:00,4071.0,4064.0,4069.0,24872.0,0.0
705,4068.0,2019-07-04 10:34:00,4076.0,4066.0,4069.0,52772.0,0.0
706,4060.0,2019-07-04 10:39:00,4067.0,4060.0,4062.0,54198.0,0.0
707,4062.0,2019-07-04 10:44:00,4065.0,4059.0,4063.0,29440.0,0.0
708,4061.0,2019-07-04 10:49:00,4063.0,4057.0,4059.0,36230.0,0.0
709,4063.0,2019-07-04 10:54:00,4064.0,4059.0,4063.0,20632.0,-1.0
710,4059.0,2019-07-04 10:59:00,4066.0,4058.0,4062.0,26330.0,-1.0
711,4055.0,2019-07-04 11:04:00,4061.0,4054.0,4055.0,37338.0,-1.0
712,4058.0,2019-07-04 11:09:00,4060.0,4054.0,4056.0,23530.0,-1.0
713,4050.0,2019-07-04 11:14:00,4058.0,4048.0,4051.0,69050.0,-1.0
714,4045.0,2019-07-04 11:19:00,4050.0,4043.0,4046.0,61512.0,0.0
715,4048.0,2019-07-04 11:24:00,4050.0,4042.0,4050.0,45608.0,0.0
716,4030.0,2019-07-04 11:29:00,4049.0,4030.0,4041.0,77676.0,0.0
717,4006.0,2019-07-04 13:34:00,4027.0,3998.0,4000.0,368738.0,0.0
718,4008.0,2019-07-04 13:39:00,4010.0,3999.0,4009.0,134492.0,0.0
719,4023.0,2019-07-04 13:44:00,4025.0,4007.0,4023.0,132976.0,0.0
720,4035.0,2019-07-04 13:49:00,4045.0,4021.0,4037.0,161900.0,-1.0
721,4029.0,2019-07-04 13:54:00,4035.0,4027.0,4029.0,44850.0,0.0
722,4022.0,2019-07-04 13:59:00,4029.0,4021.0,4028.0,60722.0,0.0
723,4017.0,2019-07-04 14:04:00,4025.0,4016.0,4018.0,72588.0,1.0
724,4018.0,2019-07-04 14:09:00,4019.0,4010.0,4017.0,93024.0,1.0
725,4018.0,2019-07-04 14:14:00,4024.0,4016.0,4020.0,43754.0,0.0
726,4024.0,2019-07-04 14:19:00,4027.0,4012.0,4025.0,73184.0,0.0
727,4028.0,2019-07-04 14:24:00,4031.0,4023.0,4028.0,56296.0,0.0
728,4034.0,2019-07-04 14:29:00,4034.0,4026.0,4028.0,44290.0,0.0
729,4035.0,2019-07-04 14:34:00,4042.0,4033.0,4034.0,79412.0,0.0
730,4030.0,2019-07-04 14:39:00,4036.0,4028.0,4030.0,31700.0,0.0
731,4031.0,2019-07-04 14:44:00,4035.0,4029.0,4030.0,18204.0,0.0
732,4037.0,2019-07-04 14:49:00,4042.0,4030.0,4038.0,56352.0,0.0
733,4037.0,2019-07-04 14:54:00,4044.0,4035.0,4039.0,55144.0,0.0
734,4024.0,2019-07-04 14:59:00,4039.0,4024.0,4027.0,72628.0,0.0
735,4033.0,2019-07-04 21:04:00,4033.0,4013.0,4027.0,96816.0,0.0
736,4029.0,2019-07-04 21:09:00,4035.0,4025.0,4026.0,51510.0,0.0
737,4027.0,2019-07-04 21:14:00,4029.0,4021.0,4024.0,38336.0,1.0
738,4033.0,2019-07-04 21:19:00,4033.0,4024.0,4030.0,31090.0,0.0
739,4035.0,2019-07-04 21:24:00,4037.0,4028.0,4036.0,52214.0,0.0
740,4032.0,2019-07-04 21:29:00,4037.0,4030.0,4030.0,27472.0,0.0
741,4042.0,2019-07-04 21:34:00,4047.0,4032.0,4043.0,85540.0,0.0
742,4045.0,2019-07-04 21:39:00,4049.0,4041.0,4044.0,60248.0,0.0
743,4043.0,2019-07-04 21:44:00,4046.0,4041.0,4044.0,29282.0,0.0
744,4039.0,2019-07-04 21:49:00,4044.0,4035.0,4039.0,39550.0,0.0
745,4045.0,2019-07-04 21:54:00,4045.0,4040.0,4042.0,24988.0,0.0
746,4047.0,2019-07-04 21:59:00,4048.0,4042.0,4044.0,35022.0,0.0
747,4047.0,2019-07-04 22:04:00,4050.0,4042.0,4048.0,53274.0,0.0
748,4048.0,2019-07-04 22:09:00,4052.0,4046.0,4049.0,44490.0,0.0
749,4045.0,2019-07-04 22:14:00,4049.0,4045.0,4046.0,23070.0,0.0
750,4044.0,2019-07-04 22:19:00,4048.0,4044.0,4045.0,14030.0,0.0
751,4048.0,2019-07-04 22:24:00,4051.0,4044.0,4047.0,17908.0,0.0
752,4042.0,2019-07-04 22:29:00,4049.0,4042.0,4047.0,16260.0,0.0
753,4048.0,2019-07-04 22:34:00,4052.0,4042.0,4048.0,30988.0,0.0
754,4052.0,2019-07-04 22:39:00,4057.0,4049.0,4054.0,67514.0,0.0
755,4049.0,2019-07-04 22:44:00,4054.0,4048.0,4051.0,26164.0,-1.0
756,4051.0,2019-07-04 22:49:00,4052.0,4047.0,4050.0,15882.0,-1.0
757,4050.0,2019-07-04 22:54:00,4053.0,4047.0,4048.0,13610.0,0.0
758,4043.0,2019-07-04 22:59:00,4050.0,4042.0,4045.0,46478.0,0.0
759,4044.0,2019-07-05 09:04:00,4048.0,4040.0,4043.0,48270.0,0.0
760,4039.0,2019-07-05 09:09:00,4047.0,4039.0,4042.0,33780.0,1.0
761,4035.0,2019-07-05 09:14:00,4043.0,4033.0,4039.0,44908.0,0.0
762,4040.0,2019-07-05 09:19:00,4042.0,4033.0,4038.0,33778.0,0.0
763,4044.0,2019-07-05 09:24:00,4044.0,4039.0,4041.0,12828.0,0.0
764,4047.0,2019-07-05 09:29:00,4047.0,4039.0,4046.0,25842.0,0.0
765,4047.0,2019-07-05 09:34:00,4050.0,4044.0,4048.0,27196.0,0.0
766,4043.0,2019-07-05 09:39:00,4048.0,4043.0,4043.0,14386.0,0.0
767,4045.0,2019-07-05 09:44:00,4045.0,4041.0,4044.0,16224.0,0.0
768,4046.0,2019-07-05 09:49:00,4050.0,4043.0,4050.0,27000.0,0.0
769,4046.0,2019-07-05 09:54:00,4049.0,4045.0,4048.0,14766.0,-1.0
770,4051.0,2019-07-05 09:59:00,4054.0,4046.0,4050.0,42548.0,-1.0
771,4044.0,2019-07-05 10:04:00,4051.0,4044.0,4047.0,21880.0,-1.0
772,4040.0,2019-07-05 10:09:00,4044.0,4036.0,4038.0,52570.0,-1.0
773,4031.0,2019-07-05 10:14:00,4042.0,4029.0,4031.0,91984.0,0.0
774,4027.0,2019-07-05 10:34:00,4030.0,4015.0,4021.0,188166.0,0.0
775,4026.0,2019-07-05 10:39:00,4034.0,4025.0,4032.0,82810.0,0.0
776,4024.0,2019-07-05 10:44:00,4028.0,4021.0,4026.0,44494.0,1.0
777,4023.0,2019-07-05 10:49:00,4029.0,4020.0,4026.0,47246.0,0.0
778,4026.0,2019-07-05 10:54:00,4029.0,4022.0,4028.0,18322.0,0.0
779,4027.0,2019-07-05 10:59:00,4030.0,4024.0,4026.0,22716.0,-1.0
780,4029.0,2019-07-05 11:04:00,4030.0,4026.0,4028.0,15432.0,-1.0
781,4028.0,2019-07-05 11:09:00,4029.0,4024.0,4028.0,14500.0,-1.0
782,4022.0,2019-07-05 11:14:00,4028.0,4022.0,4022.0,26326.0,-1.0
783,4016.0,2019-07-05 11:19:00,4023.0,4012.0,4015.0,106144.0,-1.0
784,4014.0,2019-07-05 11:24:00,4021.0,4013.0,4016.0,61390.0,-1.0
785,4012.0,2019-07-05 11:29:00,4018.0,4011.0,4013.0,59048.0,0.0
786,4007.0,2019-07-05 13:34:00,4011.0,4000.0,4007.0,207816.0,0.0
787,3991.0,2019-07-05 13:39:00,4011.0,3989.0,3993.0,189840.0,0.0
788,3987.0,2019-07-05 13:44:00,3993.0,3981.0,3989.0,186772.0,0.0
789,3991.0,2019-07-05 13:49:00,4000.0,3980.0,3995.0,160620.0,0.0
790,3996.0,2019-07-05 13:54:00,4001.0,3991.0,3996.0,79534.0,0.0
791,3992.0,2019-07-05 13:59:00,3998.0,3991.0,3997.0,40692.0,0.0
792,3993.0,2019-07-05 14:04:00,3996.0,3985.0,3990.0,45290.0,0.0
793,3981.0,2019-07-05 14:09:00,3993.0,3976.0,3979.0,113992.0,0.0
794,3988.0,2019-07-05 14:14:00,3990.0,3972.0,3988.0,122712.0,-1.0
795,3983.0,2019-07-05 14:19:00,3987.0,3976.0,3978.0,74484.0,0.0
796,3980.0,2019-07-05 14:24:00,3984.0,3977.0,3979.0,40174.0,0.0
797,3979.0,2019-07-05 14:29:00,3986.0,3976.0,3978.0,41558.0,0.0
798,3974.0,2019-07-05 14:34:00,3978.0,3968.0,3972.0,100896.0,0.0
799,3976.0,2019-07-05 14:39:00,3978.0,3972.0,3976.0,37820.0,0.0
800,3986.0,2019-07-05 14:44:00,3991.0,3976.0,3985.0,90038.0,0.0
801,3986.0,2019-07-05 14:49:00,3993.0,3983.0,3987.0,64122.0,0.0
802,3990.0,2019-07-05 14:54:00,3993.0,3985.0,3991.0,46862.0,0.0
803,3984.0,2019-07-05 14:59:00,3993.0,3982.0,3984.0,69428.0,1.0
804,3987.0,2019-07-05 21:04:00,3990.0,3976.0,3989.0,83392.0,0.0
805,3992.0,2019-07-05 21:09:00,3999.0,3987.0,3995.0,77312.0,0.0
806,3995.0,2019-07-05 21:14:00,3997.0,3989.0,3995.0,45562.0,0.0
807,4006.0,2019-07-05 21:19:00,4008.0,3995.0,4004.0,108470.0,0.0
808,4000.0,2019-07-05 21:24:00,4009.0,3998.0,3999.0,56582.0,0.0
809,4000.0,2019-07-05 21:29:00,4001.0,3996.0,4000.0,23310.0,0.0
810,4008.0,2019-07-05 21:34:00,4008.0,3998.0,4003.0,38664.0,0.0
811,3999.0,2019-07-05 21:39:00,4009.0,3998.0,4002.0,42522.0,1.0
812,4004.0,2019-07-05 21:44:00,4005.0,3997.0,4004.0,32480.0,0.0
813,4004.0,2019-07-05 21:49:00,4010.0,4003.0,4006.0,43296.0,0.0
814,4008.0,2019-07-05 21:54:00,4009.0,4003.0,4006.0,23684.0,0.0
815,4019.0,2019-07-05 21:59:00,4024.0,4007.0,4018.0,170026.0,0.0
816,4017.0,2019-07-05 22:04:00,4021.0,4014.0,4018.0,55168.0,0.0
817,4015.0,2019-07-05 22:09:00,4019.0,4013.0,4014.0,38420.0,0.0
818,4016.0,2019-07-05 22:14:00,4020.0,4015.0,4018.0,32160.0,0.0
819,4016.0,2019-07-05 22:19:00,4018.0,4015.0,4017.0,22358.0,-1.0
820,4017.0,2019-07-05 22:24:00,4020.0,4016.0,4018.0,20160.0,0.0
821,4014.0,2019-07-05 22:29:00,4023.0,4014.0,4017.0,40212.0,0.0
822,4007.0,2019-07-05 22:34:00,4016.0,4006.0,4008.0,81994.0,0.0
823,4007.0,2019-07-05 22:39:00,4010.0,4007.0,4010.0,22152.0,0.0
824,4007.0,2019-07-05 22:44:00,4009.0,4004.0,4005.0,29614.0,0.0
825,4011.0,2019-07-05 22:49:00,4011.0,4005.0,4009.0,21430.0,-1.0
826,4007.0,2019-07-05 22:54:00,4011.0,4006.0,4008.0,16426.0,-1.0
827,4013.0,2019-07-05 22:59:00,4014.0,4006.0,4010.0,45156.0,0.0
828,4003.0,2019-07-08 09:04:00,4013.0,4001.0,4005.0,140572.0,0.0
829,3994.0,2019-07-08 09:09:00,4005.0,3994.0,4000.0,86818.0,0.0
830,3993.0,2019-07-08 09:14:00,3998.0,3986.0,3992.0,89084.0,0.0
831,3986.0,2019-07-08 09:19:00,3995.0,3986.0,3991.0,60456.0,1.0
832,3994.0,2019-07-08 09:24:00,3998.0,3986.0,3995.0,57918.0,0.0
833,4000.0,2019-07-08 09:29:00,4002.0,3994.0,3999.0,52566.0,0.0
834,3995.0,2019-07-08 09:34:00,4004.0,3995.0,3995.0,34692.0,0.0
835,4006.0,2019-07-08 09:39:00,4012.0,3995.0,4007.0,76972.0,0.0
836,4014.0,2019-07-08 09:44:00,4017.0,4006.0,4013.0,87712.0,0.0
837,4009.0,2019-07-08 09:49:00,4016.0,4008.0,4014.0,39888.0,0.0
838,4003.0,2019-07-08 09:54:00,4010.0,4003.0,4005.0,33290.0,0.0
839,3997.0,2019-07-08 09:59:00,4004.0,3994.0,3998.0,57474.0,0.0
840,4003.0,2019-07-08 10:04:00,4004.0,3991.0,4003.0,45666.0,0.0
841,4002.0,2019-07-08 10:09:00,4008.0,4002.0,4005.0,24856.0,0.0
842,4007.0,2019-07-08 10:14:00,4007.0,3999.0,4005.0,22012.0,0.0
843,3999.0,2019-07-08 10:34:00,4009.0,3999.0,4000.0,26470.0,0.0
844,4002.0,2019-07-08 10:39:00,4004.0,3992.0,4002.0,44096.0,0.0
845,4003.0,2019-07-08 10:44:00,4005.0,3998.0,4002.0,19008.0,0.0
846,4001.0,2019-07-08 10:49:00,4003.0,3995.0,3998.0,21758.0,1.0
847,4008.0,2019-07-08 10:54:00,4009.0,3999.0,4006.0,47810.0,0.0
848,4004.0,2019-07-08 10:59:00,4009.0,4003.0,4005.0,26680.0,0.0
849,4014.0,2019-07-08 11:04:00,4016.0,4003.0,4011.0,58400.0,0.0
850,4014.0,2019-07-08 11:09:00,4016.0,4009.0,4015.0,41390.0,-1.0
851,4020.0,2019-07-08 11:14:00,4022.0,4011.0,4013.0,84254.0,-1.0
852,4011.0,2019-07-08 11:19:00,4022.0,4010.0,4011.0,48862.0,0.0
853,4009.0,2019-07-08 11:24:00,4014.0,4006.0,4009.0,29328.0,0.0
854,4001.0,2019-07-08 11:29:00,4013.0,3997.0,4000.0,81630.0,0.0
855,3996.0,2019-07-08 13:34:00,4002.0,3993.0,3994.0,70356.0,0.0
856,3998.0,2019-07-08 13:39:00,4001.0,3995.0,3998.0,32606.0,0.0
857,3999.0,2019-07-08 13:44:00,4001.0,3996.0,4000.0,24242.0,0.0
858,3988.0,2019-07-08 13:49:00,3999.0,3984.0,3986.0,110034.0,0.0
859,3986.0,2019-07-08 13:54:00,3989.0,3984.0,3986.0,46438.0,0.0
860,3989.0,2019-07-08 13:59:00,3994.0,3986.0,3989.0,40400.0,0.0
861,3993.0,2019-07-08 14:04:00,3993.0,3986.0,3990.0,25722.0,0.0
862,3992.0,2019-07-08 14:09:00,3994.0,3989.0,3991.0,16726.0,0.0
863,3989.0,2019-07-08 14:14:00,3993.0,3989.0,3990.0,16450.0,1.0
864,3991.0,2019-07-08 14:19:00,3994.0,3986.0,3993.0,28770.0,1.0
865,3993.0,2019-07-08 14:24:00,3997.0,3991.0,3995.0,29424.0,0.0
866,3996.0,2019-07-08 14:29:00,4003.0,3993.0,3998.0,50328.0,0.0
867,3998.0,2019-07-08 14:34:00,4000.0,3996.0,3998.0,22638.0,0.0
868,3999.0,2019-07-08 14:39:00,4000.0,3995.0,3997.0,21516.0,0.0
869,3999.0,2019-07-08 14:44:00,4006.0,3997.0,4001.0,50922.0,0.0
870,3993.0,2019-07-08 14:49:00,4000.0,3993.0,3997.0,21596.0,1.0
871,3987.0,2019-07-08 14:54:00,3994.0,3985.0,3987.0,71068.0,1.0
872,3992.0,2019-07-08 14:59:00,3993.0,3984.0,3988.0,63234.0,1.0
873,4006.0,2019-07-08 21:04:00,4012.0,3990.0,4009.0,135366.0,1.0
874,4009.0,2019-07-08 21:09:00,4010.0,4004.0,4008.0,53020.0,0.0
875,4015.0,2019-07-08 21:14:00,4017.0,4009.0,4013.0,94592.0,0.0
876,4042.0,2019-07-08 21:19:00,4042.0,4013.0,4026.0,198666.0,0.0
877,4038.0,2019-07-08 21:24:00,4048.0,4036.0,4037.0,192490.0,0.0
878,4039.0,2019-07-08 21:29:00,4042.0,4034.0,4036.0,69070.0,0.0
879,4037.0,2019-07-08 21:34:00,4040.0,4034.0,4039.0,48342.0,0.0
880,4039.0,2019-07-08 21:39:00,4043.0,4037.0,4039.0,32976.0,0.0
881,4038.0,2019-07-08 21:44:00,4042.0,4037.0,4039.0,31684.0,0.0
882,4042.0,2019-07-08 21:49:00,4043.0,4038.0,4040.0,35380.0,0.0
883,4046.0,2019-07-08 21:54:00,4048.0,4042.0,4046.0,55548.0,0.0
884,4040.0,2019-07-08 21:59:00,4048.0,4037.0,4040.0,51376.0,0.0
885,4042.0,2019-07-08 22:04:00,4043.0,4037.0,4043.0,27854.0,0.0
886,4051.0,2019-07-08 22:09:00,4056.0,4042.0,4054.0,100430.0,0.0
887,4063.0,2019-07-08 22:14:00,4064.0,4049.0,4052.0,83860.0,0.0
888,4052.0,2019-07-08 22:19:00,4065.0,4052.0,4056.0,57354.0,0.0
889,4054.0,2019-07-08 22:24:00,4056.0,4050.0,4052.0,31532.0,0.0
890,4056.0,2019-07-08 22:29:00,4058.0,4052.0,4056.0,19008.0,0.0
891,4055.0,2019-07-08 22:34:00,4060.0,4051.0,4053.0,39962.0,0.0
892,4056.0,2019-07-08 22:39:00,4058.0,4054.0,4056.0,18042.0,0.0
893,4056.0,2019-07-08 22:44:00,4056.0,4052.0,4054.0,15312.0,0.0
894,4057.0,2019-07-08 22:49:00,4059.0,4052.0,4057.0,24176.0,0.0
895,4052.0,2019-07-08 22:54:00,4059.0,4050.0,4053.0,26528.0,1.0
896,4057.0,2019-07-08 22:59:00,4060.0,4050.0,4059.0,44724.0,0.0
897,4070.0,2019-07-09 09:04:00,4072.0,4055.0,4066.0,138368.0,1.0
898,4070.0,2019-07-09 09:09:00,4081.0,4067.0,4073.0,106256.0,0.0
899,4069.0,2019-07-09 09:14:00,4074.0,4064.0,4067.0,55076.0,0.0
900,4075.0,2019-07-09 09:19:00,4078.0,4068.0,4076.0,49152.0,0.0
901,4076.0,2019-07-09 09:24:00,4083.0,4074.0,4080.0,67982.0,0.0
902,4083.0,2019-07-09 09:29:00,4085.0,4076.0,4081.0,48152.0,-1.0
903,4075.0,2019-07-09 09:34:00,4084.0,4074.0,4078.0,42566.0,0.0
904,4078.0,2019-07-09 09:39:00,4079.0,4072.0,4078.0,34200.0,0.0
905,4067.0,2019-07-09 09:44:00,4078.0,4064.0,4067.0,72578.0,0.0
906,4062.0,2019-07-09 09:49:00,4068.0,4050.0,4061.0,125096.0,0.0
907,4063.0,2019-07-09 09:54:00,4064.0,4059.0,4062.0,37202.0,0.0
908,4067.0,2019-07-09 09:59:00,4068.0,4061.0,4066.0,29894.0,0.0
909,4067.0,2019-07-09 10:04:00,4069.0,4064.0,4064.0,21432.0,0.0
910,4065.0,2019-07-09 10:09:00,4070.0,4065.0,4065.0,19592.0,0.0
911,4062.0,2019-07-09 10:14:00,4065.0,4053.0,4057.0,55924.0,0.0
912,4066.0,2019-07-09 10:34:00,4071.0,4060.0,4069.0,45542.0,0.0
913,4064.0,2019-07-09 10:39:00,4070.0,4064.0,4068.0,21506.0,0.0
914,4071.0,2019-07-09 10:44:00,4072.0,4061.0,4068.0,32134.0,0.0
915,4065.0,2019-07-09 10:49:00,4072.0,4061.0,4066.0,25244.0,0.0
916,4058.0,2019-07-09 10:54:00,4067.0,4053.0,4059.0,53052.0,0.0
917,4059.0,2019-07-09 10:59:00,4063.0,4054.0,4060.0,32682.0,0.0
918,4064.0,2019-07-09 11:04:00,4065.0,4058.0,4065.0,20422.0,0.0
919,4053.0,2019-07-09 11:09:00,4064.0,4046.0,4057.0,87548.0,0.0
920,4041.0,2019-07-09 11:14:00,4056.0,4038.0,4039.0,103908.0,0.0
921,4046.0,2019-07-09 11:19:00,4051.0,4036.0,4047.0,66550.0,0.0
922,4048.0,2019-07-09 11:24:00,4052.0,4045.0,4045.0,27490.0,0.0
923,4051.0,2019-07-09 11:29:00,4055.0,4048.0,4051.0,31120.0,0.0
924,4053.0,2019-07-09 13:34:00,4058.0,4045.0,4054.0,36268.0,0.0
925,4043.0,2019-07-09 13:39:00,4054.0,4040.0,4043.0,48714.0,0.0
926,4036.0,2019-07-09 13:44:00,4044.0,4033.0,4038.0,64372.0,0.0
927,4036.0,2019-07-09 13:49:00,4043.0,4035.0,4040.0,40802.0,0.0
928,4039.0,2019-07-09 13:54:00,4040.0,4028.0,4033.0,83534.0,0.0
929,4041.0,2019-07-09 13:59:00,4046.0,4037.0,4044.0,61132.0,0.0
930,4037.0,2019-07-09 14:04:00,4043.0,4036.0,4039.0,23620.0,1.0
931,4040.0,2019-07-09 14:09:00,4043.0,4033.0,4042.0,29954.0,1.0
932,4044.0,2019-07-09 14:14:00,4044.0,4038.0,4042.0,21090.0,0.0
933,4044.0,2019-07-09 14:19:00,4048.0,4040.0,4043.0,29584.0,0.0
934,4043.0,2019-07-09 14:24:00,4047.0,4042.0,4045.0,26772.0,0.0
935,4046.0,2019-07-09 14:29:00,4047.0,4041.0,4045.0,26836.0,0.0
936,4048.0,2019-07-09 14:34:00,4055.0,4046.0,4052.0,62656.0,0.0
937,4044.0,2019-07-09 14:39:00,4048.0,4041.0,4044.0,28064.0,0.0
938,4049.0,2019-07-09 14:44:00,4051.0,4042.0,4051.0,25760.0,-1.0
939,4045.0,2019-07-09 14:49:00,4050.0,4044.0,4048.0,23094.0,0.0
940,4045.0,2019-07-09 14:54:00,4048.0,4042.0,4043.0,34418.0,0.0
941,4042.0,2019-07-09 14:59:00,4045.0,4039.0,4042.0,59440.0,0.0
942,4037.0,2019-07-09 21:04:00,4045.0,4035.0,4038.0,81162.0,0.0
943,4040.0,2019-07-09 21:09:00,4040.0,4031.0,4037.0,51112.0,0.0
944,4051.0,2019-07-09 21:14:00,4052.0,4036.0,4048.0,70920.0,0.0
945,4047.0,2019-07-09 21:19:00,4052.0,4046.0,4047.0,47550.0,0.0
946,4035.0,2019-07-09 21:24:00,4048.0,4030.0,4031.0,107192.0,0.0
947,4034.0,2019-07-09 21:29:00,4038.0,4031.0,4035.0,43962.0,0.0
948,4036.0,2019-07-09 21:34:00,4038.0,4031.0,4037.0,34282.0,-1.0
949,4036.0,2019-07-09 21:39:00,4040.0,4032.0,4037.0,33366.0,-1.0
950,4033.0,2019-07-09 21:44:00,4038.0,4033.0,4036.0,14118.0,0.0
951,4028.0,2019-07-09 21:49:00,4032.0,4020.0,4026.0,125626.0,0.0
952,4030.0,2019-07-09 21:54:00,4032.0,4026.0,4029.0,29412.0,0.0
953,4026.0,2019-07-09 21:59:00,4032.0,4025.0,4028.0,21822.0,0.0
954,4025.0,2019-07-09 22:04:00,4031.0,4024.0,4028.0,31238.0,0.0
955,4027.0,2019-07-09 22:09:00,4030.0,4024.0,4028.0,23814.0,0.0
956,4030.0,2019-07-09 22:14:00,4031.0,4026.0,4028.0,21456.0,0.0
957,4032.0,2019-07-09 22:19:00,4034.0,4028.0,4034.0,29314.0,0.0
958,4028.0,2019-07-09 22:24:00,4033.0,4027.0,4028.0,18148.0,0.0
959,4024.0,2019-07-09 22:29:00,4030.0,4024.0,4025.0,17876.0,0.0
960,4030.0,2019-07-09 22:34:00,4031.0,4024.0,4030.0,21990.0,0.0
961,4031.0,2019-07-09 22:39:00,4032.0,4028.0,4029.0,13324.0,0.0
962,4025.0,2019-07-09 22:44:00,4031.0,4024.0,4027.0,20600.0,0.0
963,4027.0,2019-07-09 22:49:00,4031.0,4022.0,4028.0,28302.0,0.0
964,4024.0,2019-07-09 22:54:00,4029.0,4023.0,4026.0,16256.0,0.0
965,4011.0,2019-07-09 22:59:00,4024.0,4009.0,4017.0,113312.0,1.0
966,4018.0,2019-07-10 09:04:00,4019.0,4006.0,4015.0,107072.0,1.0
967,4020.0,2019-07-10 09:09:00,4022.0,4014.0,4019.0,44088.0,0.0
968,4025.0,2019-07-10 09:14:00,4026.0,4015.0,4021.0,55098.0,0.0
969,4026.0,2019-07-10 09:19:00,4029.0,4020.0,4028.0,42056.0,0.0
970,4034.0,2019-07-10 09:24:00,4038.0,4025.0,4037.0,95008.0,0.0
971,4030.0,2019-07-10 09:29:00,4035.0,4029.0,4031.0,28040.0,0.0
972,4025.0,2019-07-10 09:34:00,4032.0,4022.0,4025.0,51158.0,0.0
973,4024.0,2019-07-10 09:39:00,4027.0,4021.0,4026.0,29000.0,0.0
974,4026.0,2019-07-10 09:44:00,4028.0,4023.0,4026.0,12064.0,-1.0
975,4027.0,2019-07-10 09:49:00,4031.0,4023.0,4029.0,21312.0,0.0
976,4020.0,2019-07-10 09:54:00,4028.0,4020.0,4022.0,21172.0,-1.0
977,4016.0,2019-07-10 09:59:00,4021.0,4014.0,4017.0,52026.0,0.0
978,4016.0,2019-07-10 10:04:00,4019.0,4014.0,4018.0,25690.0,0.0
979,4016.0,2019-07-10 10:09:00,4016.0,4010.0,4014.0,41262.0,0.0
980,4014.0,2019-07-10 10:14:00,4016.0,4010.0,4013.0,17836.0,0.0
981,4013.0,2019-07-10 10:34:00,4014.0,4005.0,4010.0,62900.0,0.0
982,4019.0,2019-07-10 10:39:00,4023.0,4011.0,4021.0,51832.0,0.0
983,4020.0,2019-07-10 10:44:00,4024.0,4019.0,4021.0,21986.0,-1.0
984,4017.0,2019-07-10 10:49:00,4024.0,4016.0,4020.0,19624.0,-1.0
985,4018.0,2019-07-10 10:54:00,4021.0,4015.0,4018.0,18280.0,0.0
986,4017.0,2019-07-10 10:59:00,4022.0,4015.0,4019.0,16900.0,0.0
987,4016.0,2019-07-10 11:04:00,4017.0,4015.0,4015.0,8836.0,0.0
988,4013.0,2019-07-10 11:09:00,4018.0,4013.0,4015.0,9234.0,0.0
989,4010.0,2019-07-10 11:14:00,4013.0,4009.0,4010.0,28520.0,0.0
990,4015.0,2019-07-10 11:19:00,4018.0,4008.0,4016.0,20682.0,0.0
991,4026.0,2019-07-10 11:24:00,4028.0,4015.0,4021.0,46412.0,0.0
992,4031.0,2019-07-10 11:29:00,4032.0,4023.0,4023.0,65334.0,0.0
993,4020.0,2019-07-10 13:34:00,4029.0,4017.0,4019.0,61014.0,0.0
994,4020.0,2019-07-10 13:39:00,4022.0,4018.0,4019.0,15178.0,0.0
995,4026.0,2019-07-10 13:44:00,4026.0,4019.0,4022.0,21344.0,0.0
996,4019.0,2019-07-10 13:49:00,4029.0,4018.0,4019.0,29212.0,0.0
997,4022.0,2019-07-10 13:54:00,4022.0,4015.0,4020.0,22998.0,-1.0
998,4021.0,2019-07-10 13:59:00,4025.0,4019.0,4021.0,17836.0,0.0
999,4019.0,2019-07-10 14:04:00,4021.0,4015.0,4019.0,20880.0,0.0
1000,4020.0,2019-07-10 14:09:00,4022.0,4017.0,4021.0,10044.0,0.0
1001,4019.0,2019-07-10 14:14:00,4021.0,4016.0,4016.0,11436.0,0.0
1002,4016.0,2019-07-10 14:19:00,4020.0,4013.0,4016.0,19676.0,0.0
1003,4024.0,2019-07-10 14:24:00,4024.0,4013.0,4019.0,34154.0,0.0
1004,4024.0,2019-07-10 14:29:00,4030.0,4022.0,4029.0,64984.0,0.0
1005,4019.0,2019-07-10 14:34:00,4027.0,4018.0,4023.0,31468.0,0.0
1006,4020.0,2019-07-10 14:39:00,4022.0,4015.0,4020.0,26128.0,0.0
1007,4020.0,2019-07-10 14:44:00,4021.0,4016.0,4019.0,18910.0,0.0
1008,4024.0,2019-07-10 14:49:00,4025.0,4018.0,4023.0,19290.0,-1.0
1009,4024.0,2019-07-10 14:54:00,4026.0,4021.0,4023.0,22914.0,-1.0
1010,4021.0,2019-07-10 14:59:00,4030.0,4018.0,4019.0,88606.0,-1.0
1011,4011.0,2019-07-10 21:04:00,4020.0,4000.0,4013.0,171816.0,-1.0
1012,3999.0,2019-07-10 21:09:00,4015.0,3999.0,4007.0,76144.0,-1.0
1013,3987.0,2019-07-10 21:14:00,4002.0,3982.0,3988.0,230672.0,-1.0
1014,3987.0,2019-07-10 21:19:00,3990.0,3982.0,3990.0,90422.0,0.0
1015,3985.0,2019-07-10 21:24:00,3989.0,3978.0,3987.0,113506.0,0.0
1016,3981.0,2019-07-10 21:29:00,3987.0,3978.0,3983.0,52502.0,0.0
1017,3977.0,2019-07-10 21:34:00,3985.0,3975.0,3977.0,80952.0,1.0
1018,3976.0,2019-07-10 21:39:00,3980.0,3974.0,3975.0,52884.0,1.0
1019,3982.0,2019-07-10 21:44:00,3984.0,3975.0,3983.0,61514.0,0.0
1020,3982.0,2019-07-10 21:49:00,3984.0,3980.0,3983.0,19996.0,0.0
1021,3983.0,2019-07-10 21:54:00,3984.0,3980.0,3983.0,19632.0,0.0
1022,3990.0,2019-07-10 21:59:00,3992.0,3982.0,3989.0,70652.0,0.0
1023,3988.0,2019-07-10 22:04:00,3991.0,3985.0,3988.0,33026.0,0.0
1024,3986.0,2019-07-10 22:09:00,3989.0,3983.0,3986.0,26486.0,0.0
1025,3987.0,2019-07-10 22:14:00,3988.0,3983.0,3986.0,22100.0,0.0
1026,3982.0,2019-07-10 22:19:00,3988.0,3981.0,3983.0,16488.0,0.0
1027,3993.0,2019-07-10 22:24:00,3994.0,3981.0,3989.0,46098.0,0.0
1028,3988.0,2019-07-10 22:29:00,3994.0,3988.0,3990.0,29924.0,0.0
1029,3992.0,2019-07-10 22:34:00,3994.0,3988.0,3992.0,26850.0,0.0
1030,3987.0,2019-07-10 22:39:00,3993.0,3986.0,3988.0,24042.0,0.0
1031,3986.0,2019-07-10 22:44:00,3988.0,3984.0,3986.0,18038.0,0.0
1032,3985.0,2019-07-10 22:49:00,3986.0,3982.0,3986.0,23576.0,0.0
1033,3988.0,2019-07-10 22:54:00,3992.0,3985.0,3986.0,27386.0,0.0
1034,3983.0,2019-07-10 22:59:00,3988.0,3982.0,3986.0,34716.0,0.0
1035,3991.0,2019-07-11 09:04:00,4000.0,3985.0,3991.0,88482.0,0.0
1036,3990.0,2019-07-11 09:09:00,3993.0,3985.0,3986.0,33708.0,0.0
1037,3982.0,2019-07-11 09:14:00,3990.0,3981.0,3984.0,36938.0,1.0
1038,3986.0,2019-07-11 09:19:00,3986.0,3976.0,3986.0,73978.0,0.0
1039,3990.0,2019-07-11 09:24:00,3991.0,3985.0,3987.0,27334.0,0.0
1040,3993.0,2019-07-11 09:29:00,3994.0,3988.0,3991.0,30120.0,0.0
1041,3996.0,2019-07-11 09:34:00,4000.0,3991.0,4000.0,63890.0,0.0
1042,3995.0,2019-07-11 09:39:00,4004.0,3994.0,3996.0,61472.0,0.0
1043,3994.0,2019-07-11 09:44:00,3997.0,3992.0,3992.0,21858.0,0.0
1044,3993.0,2019-07-11 09:49:00,3996.0,3992.0,3993.0,17470.0,0.0
1045,3995.0,2019-07-11 09:54:00,3995.0,3991.0,3994.0,13898.0,0.0
1046,3993.0,2019-07-11 09:59:00,3995.0,3991.0,3994.0,11306.0,0.0
1047,3992.0,2019-07-11 10:04:00,3994.0,3991.0,3991.0,14708.0,0.0
1048,3994.0,2019-07-11 10:09:00,3996.0,3990.0,3994.0,22400.0,-1.0
1049,3994.0,2019-07-11 10:14:00,3995.0,3991.0,3994.0,7344.0,-1.0
1050,3994.0,2019-07-11 10:34:00,3994.0,3992.0,3994.0,8340.0,-1.0
1051,3988.0,2019-07-11 10:39:00,3994.0,3988.0,3992.0,18236.0,0.0
1052,3987.0,2019-07-11 10:44:00,3990.0,3986.0,3987.0,22282.0,0.0
1053,3986.0,2019-07-11 10:49:00,3988.0,3983.0,3984.0,27138.0,0.0
1054,3985.0,2019-07-11 10:54:00,3987.0,3982.0,3985.0,18514.0,1.0
1055,3983.0,2019-07-11 10:59:00,3986.0,3980.0,3984.0,27786.0,0.0
1056,3985.0,2019-07-11 11:04:00,3987.0,3980.0,3987.0,25132.0,0.0
1057,3991.0,2019-07-11 11:09:00,3991.0,3983.0,3986.0,22424.0,0.0
1058,3993.0,2019-07-11 11:14:00,3995.0,3987.0,3991.0,31488.0,0.0
1059,3993.0,2019-07-11 11:19:00,3998.0,3993.0,3993.0,38940.0,0.0
1060,3989.0,2019-07-11 11:24:00,3994.0,3988.0,3989.0,19836.0,0.0
1061,3991.0,2019-07-11 11:29:00,3994.0,3988.0,3990.0,17810.0,0.0
1062,4021.0,2019-07-11 13:34:00,4024.0,3986.0,4012.0,209816.0,0.0
1063,4017.0,2019-07-11 13:39:00,4030.0,4017.0,4021.0,216044.0,1.0
1064,4016.0,2019-07-11 13:44:00,4020.0,4012.0,4013.0,93830.0,1.0
1065,4021.0,2019-07-11 13:49:00,4025.0,4015.0,4023.0,53332.0,1.0
1066,4025.0,2019-07-11 13:54:00,4028.0,4020.0,4022.0,59306.0,1.0
1067,4029.0,2019-07-11 13:59:00,4031.0,4025.0,4027.0,89182.0,0.0
1068,4028.0,2019-07-11 14:04:00,4030.0,4023.0,4027.0,58062.0,0.0
1069,4036.0,2019-07-11 14:09:00,4044.0,4026.0,4038.0,147188.0,0.0
1070,4035.0,2019-07-11 14:14:00,4043.0,4027.0,4033.0,107792.0,0.0
1071,4035.0,2019-07-11 14:19:00,4037.0,4031.0,4035.0,39208.0,0.0
1072,4036.0,2019-07-11 14:24:00,4041.0,4033.0,4035.0,50466.0,0.0
1073,4040.0,2019-07-11 14:29:00,4040.0,4033.0,4038.0,41904.0,-1.0
1074,4040.0,2019-07-11 14:34:00,4045.0,4038.0,4040.0,67002.0,-1.0
1075,4035.0,2019-07-11 14:39:00,4041.0,4034.0,4038.0,32652.0,0.0
1076,4026.0,2019-07-11 14:44:00,4037.0,4023.0,4024.0,103998.0,0.0
1077,4017.0,2019-07-11 14:49:00,4026.0,4016.0,4018.0,114776.0,0.0
1078,4013.0,2019-07-11 14:54:00,4021.0,4011.0,4016.0,76578.0,0.0
1079,4017.0,2019-07-11 14:59:00,4019.0,4011.0,4018.0,74064.0,0.0
1080,4016.0,2019-07-11 21:04:00,4030.0,4015.0,4022.0,113520.0,0.0
1081,4018.0,2019-07-11 21:09:00,4018.0,4012.0,4018.0,51318.0,0.0
1082,4016.0,2019-07-11 21:14:00,4021.0,4012.0,4019.0,42192.0,0.0
1083,4019.0,2019-07-11 21:19:00,4022.0,4016.0,4020.0,24016.0,0.0
1084,4019.0,2019-07-11 21:24:00,4020.0,4017.0,4020.0,12140.0,0.0
1085,4015.0,2019-07-11 21:29:00,4020.0,4015.0,4017.0,11832.0,0.0
1086,4005.0,2019-07-11 21:34:00,4018.0,4005.0,4010.0,79304.0,0.0
1087,4007.0,2019-07-11 21:39:00,4008.0,4002.0,4006.0,57878.0,0.0
1088,4010.0,2019-07-11 21:44:00,4011.0,4006.0,4009.0,26564.0,0.0
1089,4004.0,2019-07-11 21:49:00,4010.0,4003.0,4005.0,23550.0,0.0
1090,4005.0,2019-07-11 21:54:00,4008.0,4002.0,4007.0,20522.0,0.0
1091,4009.0,2019-07-11 21:59:00,4009.0,4002.0,4006.0,21744.0,0.0
1092,4004.0,2019-07-11 22:04:00,4009.0,4004.0,4005.0,14882.0,1.0
1093,4004.0,2019-07-11 22:09:00,4005.0,3997.0,4004.0,74420.0,0.0
1094,4005.0,2019-07-11 22:14:00,4007.0,4001.0,4003.0,21982.0,0.0
1095,4006.0,2019-07-11 22:19:00,4009.0,4003.0,4005.0,21672.0,-1.0
1096,4005.0,2019-07-11 22:24:00,4006.0,4003.0,4004.0,10742.0,-1.0
1097,4007.0,2019-07-11 22:29:00,4008.0,4002.0,4006.0,16066.0,0.0
1098,4001.0,2019-07-11 22:34:00,4007.0,4000.0,4003.0,19460.0,0.0
1099,3998.0,2019-07-11 22:39:00,4002.0,3998.0,4000.0,19780.0,0.0
1100,3997.0,2019-07-11 22:44:00,4001.0,3994.0,3998.0,53716.0,0.0
1101,3996.0,2019-07-11 22:49:00,3999.0,3994.0,3997.0,25886.0,0.0
1102,4002.0,2019-07-11 22:54:00,4003.0,3994.0,4003.0,31240.0,0.0
1103,3993.0,2019-07-11 22:59:00,4004.0,3992.0,3993.0,51926.0,0.0
1104,4002.0,2019-07-12 09:04:00,4004.0,3993.0,4000.0,64978.0,0.0
1105,3999.0,2019-07-12 09:09:00,4003.0,3997.0,4000.0,25154.0,0.0
1106,4010.0,2019-07-12 09:14:00,4010.0,3998.0,4009.0,48248.0,0.0
1107,4012.0,2019-07-12 09:19:00,4013.0,4007.0,4012.0,43836.0,-1.0
1108,4008.0,2019-07-12 09:24:00,4014.0,4006.0,4009.0,44976.0,-1.0
1109,4008.0,2019-07-12 09:29:00,4010.0,4004.0,4009.0,18026.0,-1.0
1110,4006.0,2019-07-12 09:34:00,4011.0,4003.0,4004.0,28046.0,-1.0
1111,4007.0,2019-07-12 09:39:00,4008.0,4004.0,4006.0,11690.0,0.0
1112,4001.0,2019-07-12 09:44:00,4008.0,4000.0,4003.0,29098.0,0.0
1113,3996.0,2019-07-12 09:49:00,4001.0,3994.0,3995.0,53664.0,0.0
1114,3997.0,2019-07-12 09:54:00,3998.0,3990.0,3995.0,51482.0,0.0
1115,3997.0,2019-07-12 09:59:00,3998.0,3992.0,3994.0,26452.0,0.0
1116,3998.0,2019-07-12 10:04:00,4002.0,3995.0,3999.0,27202.0,0.0
1117,3997.0,2019-07-12 10:09:00,3999.0,3996.0,3998.0,9852.0,0.0
1118,3998.0,2019-07-12 10:14:00,4000.0,3997.0,3997.0,10730.0,0.0
1119,3995.0,2019-07-12 10:34:00,4003.0,3995.0,3998.0,22894.0,0.0
1120,3999.0,2019-07-12 10:39:00,3999.0,3993.0,3999.0,21334.0,0.0
1121,4001.0,2019-07-12 10:44:00,4004.0,3998.0,4000.0,28366.0,0.0
1122,4002.0,2019-07-12 10:49:00,4006.0,4000.0,4003.0,25564.0,0.0
1123,4001.0,2019-07-12 10:54:00,4005.0,3999.0,4001.0,12148.0,-1.0
1124,4000.0,2019-07-12 10:59:00,4003.0,3998.0,4000.0,12106.0,0.0
1125,4000.0,2019-07-12 11:04:00,4003.0,3999.0,3999.0,11946.0,0.0
1126,3998.0,2019-07-12 11:09:00,4000.0,3994.0,3995.0,22530.0,0.0
1127,3991.0,2019-07-12 11:14:00,3999.0,3990.0,3993.0,47998.0,0.0
1128,3992.0,2019-07-12 11:19:00,3995.0,3987.0,3991.0,47912.0,0.0
1129,3994.0,2019-07-12 11:24:00,3995.0,3989.0,3994.0,19440.0,0.0
1130,3986.0,2019-07-12 11:29:00,3994.0,3985.0,3987.0,57524.0,1.0
1131,3987.0,2019-07-12 13:34:00,3998.0,3982.0,3997.0,99904.0,1.0
1132,3987.0,2019-07-12 13:39:00,3992.0,3983.0,3985.0,53790.0,0.0
1133,3993.0,2019-07-12 13:44:00,3996.0,3984.0,3993.0,43056.0,0.0
1134,3992.0,2019-07-12 13:49:00,3993.0,3989.0,3992.0,17392.0,0.0
1135,3994.0,2019-07-12 13:54:00,3996.0,3989.0,3989.0,18400.0,0.0
1136,3998.0,2019-07-12 13:59:00,4000.0,3993.0,3998.0,36946.0,-1.0
1137,3994.0,2019-07-12 14:04:00,4001.0,3992.0,3992.0,38378.0,-1.0
1138,3991.0,2019-07-12 14:09:00,3995.0,3991.0,3992.0,10296.0,-1.0
1139,3991.0,2019-07-12 14:14:00,3994.0,3991.0,3993.0,13972.0,-1.0
1140,3989.0,2019-07-12 14:19:00,3992.0,3988.0,3989.0,26354.0,-1.0
1141,3984.0,2019-07-12 14:24:00,3996.0,3976.0,3981.0,117674.0,-1.0
1142,3979.0,2019-07-12 14:29:00,3988.0,3977.0,3982.0,62946.0,-1.0
1143,3969.0,2019-07-12 14:34:00,3982.0,3960.0,3968.0,233998.0,0.0
1144,3970.0,2019-07-12 14:39:00,3972.0,3965.0,3967.0,67320.0,0.0
1145,3970.0,2019-07-12 14:44:00,3976.0,3967.0,3972.0,64602.0,0.0
1146,3963.0,2019-07-12 14:49:00,3972.0,3962.0,3966.0,72634.0,0.0
1147,3964.0,2019-07-12 14:54:00,3965.0,3959.0,3964.0,109354.0,0.0
1148,3965.0,2019-07-12 14:59:00,3972.0,3964.0,3967.0,115124.0,0.0
1149,3956.0,2019-07-12 21:04:00,3961.0,3950.0,3952.0,132742.0,0.0
1150,3959.0,2019-07-12 21:09:00,3960.0,3952.0,3957.0,51042.0,0.0
1151,3956.0,2019-07-12 21:14:00,3959.0,3952.0,3955.0,40512.0,0.0
1152,3957.0,2019-07-12 21:19:00,3961.0,3954.0,3959.0,36466.0,0.0
1153,3960.0,2019-07-12 21:24:00,3964.0,3957.0,3960.0,44882.0,-1.0
1154,3960.0,2019-07-12 21:29:00,3961.0,3958.0,3961.0,14006.0,-1.0
1155,3955.0,2019-07-12 21:34:00,3960.0,3953.0,3953.0,32030.0,-1.0
1156,3954.0,2019-07-12 21:39:00,3956.0,3952.0,3955.0,17926.0,0.0
1157,3946.0,2019-07-12 21:44:00,3956.0,3945.0,3946.0,66210.0,0.0
1158,3950.0,2019-07-12 21:49:00,3950.0,3940.0,3947.0,88982.0,0.0
1159,3940.0,2019-07-12 21:54:00,3950.0,3939.0,3944.0,43124.0,0.0
1160,3936.0,2019-07-12 21:59:00,3941.0,3935.0,3936.0,81362.0,0.0
1161,3940.0,2019-07-12 22:04:00,3943.0,3935.0,3943.0,39048.0,0.0
1162,3939.0,2019-07-12 22:09:00,3941.0,3936.0,3938.0,26832.0,-1.0
1163,3942.0,2019-07-12 22:14:00,3942.0,3936.0,3939.0,24988.0,0.0
1164,3936.0,2019-07-12 22:19:00,3942.0,3934.0,3936.0,29524.0,0.0
1165,3933.0,2019-07-12 22:24:00,3938.0,3930.0,3933.0,56986.0,0.0
1166,3927.0,2019-07-12 22:29:00,3933.0,3927.0,3931.0,55496.0,0.0
1167,3928.0,2019-07-12 22:34:00,3931.0,3925.0,3929.0,47562.0,0.0
1168,3930.0,2019-07-12 22:39:00,3930.0,3925.0,3928.0,39980.0,0.0
1169,3930.0,2019-07-12 22:44:00,3932.0,3928.0,3932.0,29456.0,0.0
1170,3929.0,2019-07-12 22:49:00,3931.0,3928.0,3929.0,18248.0,0.0
1171,3933.0,2019-07-12 22:54:00,3935.0,3929.0,3933.0,35006.0,0.0
1172,3931.0,2019-07-12 22:59:00,3940.0,3930.0,3932.0,73500.0,1.0
1173,3922.0,2019-07-15 09:04:00,3939.0,3921.0,3924.0,153032.0,1.0
1174,3940.0,2019-07-15 09:09:00,3941.0,3922.0,3936.0,91920.0,0.0
1175,3942.0,2019-07-15 09:14:00,3948.0,3939.0,3943.0,100520.0,0.0
1176,3948.0,2019-07-15 09:19:00,3950.0,3941.0,3949.0,71342.0,0.0
1177,3960.0,2019-07-15 09:24:00,3965.0,3945.0,3959.0,127694.0,0.0
1178,3956.0,2019-07-15 09:29:00,3962.0,3950.0,3955.0,74524.0,0.0
1179,3952.0,2019-07-15 09:34:00,3960.0,3951.0,3953.0,40146.0,1.0
1180,3958.0,2019-07-15 09:39:00,3959.0,3952.0,3954.0,26844.0,1.0
1181,3955.0,2019-07-15 09:44:00,3958.0,3953.0,3954.0,16300.0,1.0
1182,3959.0,2019-07-15 09:49:00,3960.0,3953.0,3959.0,27386.0,1.0
1183,3964.0,2019-07-15 09:54:00,3965.0,3957.0,3963.0,56462.0,0.0
1184,3973.0,2019-07-15 09:59:00,3980.0,3962.0,3971.0,148004.0,0.0
1185,3984.0,2019-07-15 10:04:00,3985.0,3968.0,3977.0,116690.0,0.0
1186,3982.0,2019-07-15 10:09:00,3995.0,3982.0,3985.0,159988.0,0.0
1187,3980.0,2019-07-15 10:14:00,3983.0,3977.0,3981.0,56500.0,0.0
1188,3983.0,2019-07-15 10:34:00,3989.0,3980.0,3985.0,46180.0,0.0
1189,3983.0,2019-07-15 10:39:00,3989.0,3981.0,3982.0,38266.0,0.0
1190,3975.0,2019-07-15 10:44:00,3985.0,3972.0,3973.0,61186.0,0.0
1191,3974.0,2019-07-15 10:49:00,3979.0,3973.0,3974.0,24486.0,0.0
1192,3979.0,2019-07-15 10:54:00,3980.0,3972.0,3977.0,28240.0,0.0
1193,3977.0,2019-07-15 10:59:00,3982.0,3976.0,3979.0,19298.0,0.0
1194,3978.0,2019-07-15 11:04:00,3981.0,3977.0,3980.0,15164.0,0.0
1195,3977.0,2019-07-15 11:09:00,3978.0,3974.0,3975.0,15766.0,0.0
1196,3975.0,2019-07-15 11:14:00,3977.0,3972.0,3974.0,19952.0,0.0
1197,3979.0,2019-07-15 11:19:00,3980.0,3975.0,3976.0,19596.0,0.0
1198,3984.0,2019-07-15 11:24:00,3985.0,3979.0,3981.0,41550.0,0.0
1199,3991.0,2019-07-15 11:29:00,3992.0,3983.0,3991.0,62542.0,0.0
1200,3986.0,2019-07-15 13:34:00,3994.0,3980.0,3986.0,61168.0,0.0
1201,3974.0,2019-07-15 13:39:00,3987.0,3973.0,3985.0,41974.0,0.0
1202,3973.0,2019-07-15 13:44:00,3978.0,3968.0,3972.0,84256.0,1.0
1203,3976.0,2019-07-15 13:49:00,3978.0,3972.0,3975.0,32376.0,0.0
1204,3977.0,2019-07-15 13:54:00,3979.0,3975.0,3977.0,15218.0,0.0
1205,3976.0,2019-07-15 13:59:00,3978.0,3973.0,3975.0,21732.0,0.0
1206,3978.0,2019-07-15 14:04:00,3980.0,3976.0,3980.0,23694.0,0.0
1207,3981.0,2019-07-15 14:09:00,3984.0,3978.0,3980.0,34160.0,0.0
1208,3977.0,2019-07-15 14:14:00,3983.0,3971.0,3977.0,45404.0,0.0
1209,3975.0,2019-07-15 14:19:00,3978.0,3972.0,3977.0,15778.0,1.0
1210,3976.0,2019-07-15 14:24:00,3977.0,3974.0,3975.0,14138.0,1.0
1211,3979.0,2019-07-15 14:29:00,3980.0,3973.0,3978.0,18400.0,1.0
1212,3977.0,2019-07-15 14:34:00,3982.0,3977.0,3979.0,17932.0,0.0
1213,3981.0,2019-07-15 14:39:00,3983.0,3977.0,3980.0,20994.0,1.0
1214,3981.0,2019-07-15 14:44:00,3987.0,3978.0,3980.0,34694.0,1.0
1215,3986.0,2019-07-15 14:49:00,3987.0,3981.0,3986.0,22492.0,1.0
1216,3996.0,2019-07-15 14:54:00,3996.0,3984.0,3991.0,69962.0,1.0
1217,4030.0,2019-07-15 14:59:00,4030.0,3996.0,4019.0,326062.0,0.0
1218,4030.0,2019-07-15 21:04:00,4035.0,4022.0,4027.0,160832.0,0.0
1219,4028.0,2019-07-15 21:09:00,4036.0,4025.0,4029.0,78392.0,0.0
1220,4043.0,2019-07-15 21:14:00,4043.0,4027.0,4037.0,97462.0,0.0
1221,4050.0,2019-07-15 21:19:00,4051.0,4042.0,4047.0,134594.0,0.0
1222,4045.0,2019-07-15 21:24:00,4052.0,4043.0,4043.0,66206.0,0.0
1223,4049.0,2019-07-15 21:29:00,4050.0,4043.0,4048.0,35024.0,0.0
1224,4041.0,2019-07-15 21:34:00,4051.0,4037.0,4038.0,69616.0,0.0
1225,4040.0,2019-07-15 21:39:00,4043.0,4037.0,4038.0,39974.0,0.0
1226,4046.0,2019-07-15 21:44:00,4047.0,4039.0,4043.0,34620.0,0.0
1227,4040.0,2019-07-15 21:49:00,4047.0,4037.0,4039.0,40376.0,0.0
1228,4039.0,2019-07-15 21:54:00,4042.0,4038.0,4041.0,19652.0,0.0
1229,4037.0,2019-07-15 21:59:00,4040.0,4031.0,4035.0,52684.0,0.0
1230,4039.0,2019-07-15 22:04:00,4040.0,4035.0,4037.0,21848.0,0.0
1231,4042.0,2019-07-15 22:09:00,4042.0,4037.0,4039.0,18264.0,0.0
1232,4038.0,2019-07-15 22:14:00,4042.0,4038.0,4040.0,15268.0,0.0
1233,4037.0,2019-07-15 22:19:00,4040.0,4036.0,4039.0,13598.0,0.0
1234,4037.0,2019-07-15 22:24:00,4039.0,4035.0,4037.0,17424.0,0.0
1235,4044.0,2019-07-15 22:29:00,4045.0,4036.0,4042.0,26818.0,0.0
1236,4042.0,2019-07-15 22:34:00,4045.0,4039.0,4042.0,15304.0,0.0
1237,4041.0,2019-07-15 22:39:00,4042.0,4040.0,4041.0,12954.0,0.0
1238,4044.0,2019-07-15 22:44:00,4045.0,4039.0,4044.0,21426.0,0.0
1239,4040.0,2019-07-15 22:49:00,4049.0,4040.0,4041.0,38940.0,0.0
1240,4043.0,2019-07-15 22:54:00,4045.0,4040.0,4044.0,13292.0,0.0
1241,4043.0,2019-07-15 22:59:00,4047.0,4040.0,4043.0,39282.0,0.0
1242,4059.0,2019-07-16 09:04:00,4061.0,4040.0,4056.0,116934.0,-1.0
1243,4058.0,2019-07-16 09:09:00,4064.0,4055.0,4059.0,87524.0,-1.0
1244,4056.0,2019-07-16 09:14:00,4061.0,4053.0,4054.0,50374.0,-1.0
1245,4050.0,2019-07-16 09:19:00,4057.0,4046.0,4050.0,63638.0,-1.0
1246,4045.0,2019-07-16 09:24:00,4052.0,4043.0,4047.0,40084.0,0.0
1247,4045.0,2019-07-16 09:29:00,4048.0,4044.0,4046.0,22438.0,0.0
1248,4042.0,2019-07-16 09:34:00,4045.0,4038.0,4041.0,53848.0,0.0
1249,4038.0,2019-07-16 09:39:00,4043.0,4035.0,4037.0,53862.0,0.0
1250,4032.0,2019-07-16 09:44:00,4038.0,4028.0,4033.0,65082.0,0.0
1251,4037.0,2019-07-16 09:49:00,4037.0,4030.0,4036.0,34884.0,0.0
1252,4039.0,2019-07-16 09:54:00,4040.0,4035.0,4038.0,22838.0,0.0
1253,4029.0,2019-07-16 09:59:00,4040.0,4029.0,4032.0,30078.0,0.0
1254,4039.0,2019-07-16 10:04:00,4042.0,4029.0,4039.0,45508.0,0.0
1255,4040.0,2019-07-16 10:09:00,4040.0,4033.0,4038.0,22710.0,0.0
1256,4040.0,2019-07-16 10:14:00,4041.0,4038.0,4041.0,14024.0,0.0
1257,4034.0,2019-07-16 10:34:00,4049.0,4034.0,4038.0,64866.0,0.0
1258,4037.0,2019-07-16 10:39:00,4040.0,4034.0,4038.0,26382.0,0.0
1259,4039.0,2019-07-16 10:44:00,4043.0,4038.0,4038.0,18724.0,0.0
1260,4040.0,2019-07-16 10:49:00,4042.0,4037.0,4041.0,16438.0,0.0
1261,4035.0,2019-07-16 10:54:00,4041.0,4033.0,4034.0,33628.0,0.0
1262,4035.0,2019-07-16 10:59:00,4037.0,4028.0,4030.0,50252.0,0.0
1263,4037.0,2019-07-16 11:04:00,4039.0,4033.0,4036.0,20748.0,0.0
1264,4030.0,2019-07-16 11:09:00,4038.0,4030.0,4031.0,22930.0,0.0
1265,4030.0,2019-07-16 11:14:00,4035.0,4030.0,4031.0,25712.0,0.0
1266,4022.0,2019-07-16 11:19:00,4033.0,4022.0,4027.0,90386.0,0.0
1267,4032.0,2019-07-16 11:24:00,4035.0,4019.0,4031.0,83240.0,0.0
1268,4044.0,2019-07-16 11:29:00,4047.0,4030.0,4039.0,72706.0,0.0
1269,4040.0,2019-07-16 13:34:00,4043.0,4037.0,4037.0,46792.0,0.0
1270,4042.0,2019-07-16 13:39:00,4044.0,4038.0,4043.0,27036.0,0.0
1271,4041.0,2019-07-16 13:44:00,4044.0,4041.0,4043.0,15816.0,0.0
1272,4044.0,2019-07-16 13:49:00,4049.0,4041.0,4045.0,41976.0,-1.0
1273,4045.0,2019-07-16 13:54:00,4046.0,4043.0,4044.0,18778.0,0.0
1274,4041.0,2019-07-16 13:59:00,4045.0,4038.0,4040.0,25322.0,0.0
1275,4037.0,2019-07-16 14:04:00,4041.0,4032.0,4035.0,56392.0,0.0
1276,4030.0,2019-07-16 14:09:00,4039.0,4030.0,4034.0,41094.0,0.0
1277,4031.0,2019-07-16 14:14:00,4033.0,4029.0,4032.0,38218.0,0.0
1278,4034.0,2019-07-16 14:19:00,4035.0,4027.0,4033.0,35426.0,0.0
1279,4028.0,2019-07-16 14:24:00,4034.0,4028.0,4031.0,18820.0,0.0
1280,4032.0,2019-07-16 14:29:00,4035.0,4027.0,4034.0,25508.0,0.0
1281,4036.0,2019-07-16 14:34:00,4036.0,4031.0,4035.0,15734.0,0.0
